model,bin,mae,n,mae_ci_lo,mae_ci_hi,mean_bias,mean_bias_ci_lo,mean_bias_ci_hi,mean_bias_ci_method,axis,prompt
Gemma-3-12B,0-20,8.231350482315113,933,7.784202319927361,8.71121225534602,7.823499464094319,7.36215723085365,8.337413713816298,BCa,model,
Gemma-3-12B,20-40,11.962962962962964,108,10.62037037037037,13.55324074074074,3.6527777777777777,1.3481549488961075,6.106481481481482,BCa,model,
Gemma-3-12B,40-60,14.467391304347826,46,12.728260869565217,16.434782608695652,-4.815217391304348,-8.487848375326092,-0.6847826086956522,BCa,model,
Gemma-3-12B,60-80,17.907894736842106,38,14.973684210526315,21.276315789473685,-12.486842105263158,-17.31578947368421,-7.615617082388757,BCa,model,
Gemma-3-12B,80-100,27.816666666666666,30,23.259807403354394,33.1913732369186,-27.45,-33.0,-22.675,BCa,model,
Gemma-3-27B,0-20,9.236682743837086,933,8.8539702610136,9.64730486529425,9.006377277599144,8.604526156137746,9.444877581377188,BCa,model,
Gemma-3-27B,20-40,8.421296296296296,108,7.49537037037037,9.550925925925926,1.9212962962962963,0.28173754720011274,3.6828703703703702,BCa,model,
Gemma-3-27B,40-60,14.978260869565217,46,13.266304347826088,17.00838013146708,-9.48913043478261,-12.875,-5.576266303857358,BCa,model,
Gemma-3-27B,60-80,18.967105263157894,38,14.723684210526315,23.513157894736842,-16.99342105263158,-22.100893885764812,-11.87116877839186,BCa,model,
Gemma-3-27B,80-100,29.333333333333332,30,24.216666666666665,34.69368986087547,-29.333333333333332,-34.55,-24.098410213237884,BCa,model,
Llama-4-Maverick,0-20,4.427947481243301,933,4.046369593171055,4.8931246130720165,2.959941050375134,2.5557527030378324,3.40331842134851,BCa,model,
Llama-4-Maverick,20-40,11.703703703703704,108,10.515485944490587,13.12309059270003,-0.6388888888888888,-2.4775768095169455,1.371728169382173,BCa,model,
Llama-4-Maverick,40-60,17.86413043478261,46,15.554347826086957,20.130434782608695,-10.929347826086957,-14.141304347826088,-7.733695652173913,BCa,model,
Llama-4-Maverick,60-80,19.80263157894737,38,16.99578361571192,22.888157894736842,-14.907894736842104,-19.019736842105264,-10.671052631578947,BCa,model,
Llama-4-Maverick,80-100,26.75,30,22.88141756036205,30.47354330889774,-26.616666666666667,-30.333333333333332,-22.625,BCa,model,
Llama-4-Scout,0-20,4.736789924973205,933,4.375739984186559,5.15979675057324,3.402411575562701,3.0149161019726347,3.843049360926943,BCa,model,
Llama-4-Scout,20-40,15.06199074074074,108,13.607261121003507,16.783872182543256,-0.5005092592592593,-2.824455418923584,1.8780597541989645,BCa,model,
Llama-4-Scout,40-60,20.61413043478261,46,18.11413043478261,23.217391304347824,-11.494565217391305,-15.146739130434783,-7.989130434782608,BCa,model,
Llama-4-Scout,60-80,22.536184210526315,38,19.45394736842105,25.880927129252825,-13.134868421052632,-18.605263157894736,-7.404950947434043,BCa,model,
Llama-4-Scout,80-100,27.141666666666666,30,22.858320091095063,33.2695236222783,-25.9,-32.11666666666667,-21.006663953023644,BCa,model,
Mistral-Small-3.2,0-20,6.00040192926045,933,5.646928994061577,6.413302784403866,5.021382636655948,4.603429809718546,5.480663533186612,BCa,model,
Mistral-Small-3.2,20-40,7.699074074074074,108,6.789351851851852,8.875,-2.013888888888889,-3.747074921845123,-0.2824074074074074,BCa,model,
Mistral-Small-3.2,40-60,15.190217391304348,46,13.097826086956522,17.304347826086957,-11.03804347826087,-14.358695652173912,-7.331521739130435,BCa,model,
Mistral-Small-3.2,60-80,22.04605263157895,38,17.516733387152186,26.782894736842106,-20.74342105263158,-26.013157894736842,-15.552631578947368,BCa,model,
Mistral-Small-3.2,80-100,26.791666666666668,30,23.15,31.341666666666665,-26.791666666666668,-31.47049979184523,-23.192785026731947,BCa,model,
Qwen-2.5,0-20,5.238987138263666,933,4.829248366503565,5.711231803028383,4.20131296891747,3.76357045266872,4.689310263357669,BCa,model,
Qwen-2.5,20-40,8.168981481481481,108,7.111111111111111,9.587070609292441,2.9050925925925926,1.1442967445694239,4.843515903495821,BCa,model,
Qwen-2.5,40-60,13.065217391304348,46,11.184782608695652,15.141304347826088,-8.402173913043478,-11.574297180776062,-4.767716337811773,BCa,model,
Qwen-2.5,60-80,20.151315789473685,38,16.157894736842106,24.657894736842106,-18.638157894736842,-23.456435708921997,-13.904510960033685,BCa,model,
Qwen-2.5,80-100,17.791666666666668,30,14.641666666666667,21.19654605330799,-17.791666666666668,-21.178004965032038,-14.691666666666666,BCa,model,
,0-20,5.938281529117543,933,5.709711021698513,6.189434122463324,4.466666666666666,4.197416484853707,4.754578561342491,BCa,prompt,Detailed
,20-40,11.685185185185185,108,10.835955640033186,12.644322545689233,-7.015432098765432,-8.494408176792598,-5.36574074074074,BCa,prompt,Detailed
,40-60,23.166666666666668,46,20.71953980261696,25.576086956521735,-20.630434782608692,-23.49073703840928,-17.27244851278471,BCa,prompt,Detailed
,60-80,29.666666666666664,38,25.214912280701757,34.456140350877185,-27.614035087719298,-33.03567759824571,-22.191967732918044,BCa,prompt,Detailed
,80-100,43.38333333333333,30,36.46666666666667,49.19999999999998,-43.07222222222222,-49.05601334913986,-36.03280042244596,BCa,prompt,Detailed
,0-20,7.328563772775992,933,6.936723712100761,7.769376578551964,6.696177206145051,6.269279441811785,7.1456099367658075,BCa,prompt,Grid-Overlay
,20-40,9.852623456790123,108,8.903918453028206,10.982934256311063,4.255401234567901,2.5467078898604596,6.028999865100634,BCa,prompt,Grid-Overlay
,40-60,12.931159420289855,46,11.67805088982077,14.278985507246373,-5.199275362318841,-8.155797101449275,-2.079710144927536,BCa,prompt,Grid-Overlay
,60-80,16.285087719298247,38,13.30701754385965,19.50116007687642,-13.399122807017543,-17.449213752798684,-9.07456140350877,BCa,prompt,Grid-Overlay
,80-100,20.883333333333333,30,18.119961980359438,24.0,-20.749999999999996,-24.055555555555554,-18.08888888888889,BCa,prompt,Grid-Overlay
,0-20,6.136977491961415,933,5.748156197608926,6.570223767466424,5.311754197927831,4.899306199482009,5.761911021838364,BCa,prompt,Point-Hint
,20-40,10.616172839506172,108,9.60493827160494,11.828301926422489,3.6408641975308647,1.7337962962962963,5.651943969797974,BCa,prompt,Point-Hint
,40-60,13.043478260869565,46,11.8768115942029,14.48570418022958,-5.188405797101449,-8.108695652173912,-2.1234670661294883,BCa,prompt,Point-Hint
,60-80,16.79605263157895,38,14.00891409456636,20.094399399845447,-12.396929824561404,-16.769645532307727,-8.087719298245613,BCa,prompt,Point-Hint
,80-100,21.3,30,18.172222222222224,25.326731592703357,-21.18333333333333,-25.169444444444448,-17.90994320908013,BCa,prompt,Point-Hint
,0-20,5.844283672740264,933,5.488472218832956,6.274443477254833,5.135351911396927,4.747854606406669,5.583114174748557,BCa,prompt,Short
,20-40,9.858024691358025,108,8.918209876543209,10.975961582917835,2.6697530864197527,0.8818446490961305,4.46521709990576,BCa,prompt,Short
,40-60,14.978260869565217,46,13.758492404003707,16.31627856689041,-6.4275362318840585,-9.635011495017109,-2.789557137776544,BCa,prompt,Short
,60-80,18.192982456140353,38,15.60526315789474,21.183114641033104,-11.192982456140351,-16.07894736842105,-6.508115895293245,BCa,prompt,Short
,80-100,18.183333333333334,30,15.050276234867802,22.295468841227205,-17.58333333333333,-21.830834543966432,-14.234568114824658,BCa,prompt,Short
Llama-4-Maverick,0-20,4.586655948553055,933,4.108930281272714,5.125705625478739,3.7534297963558414,3.2410622524590407,4.333995349557028,BCa,combo,Short
Llama-4-Maverick,20-40,11.935185185185185,108,10.101851851851851,14.212962962962964,5.694444444444445,2.9098663178893935,8.540088670023561,BCa,combo,Short
Llama-4-Maverick,40-60,13.630434782608695,46,11.195652173913043,16.347826086956523,-1.065217391304348,-5.891304347826087,3.5402375523798306,BCa,combo,Short
Llama-4-Maverick,60-80,11.526315789473685,38,9.394736842105264,14.447368421052632,-2.1578947368421053,-6.879117720178132,1.9210526315789473,BCa,combo,Short
Llama-4-Maverick,80-100,14.366666666666667,30,11.433333333333334,17.966666666666665,-13.833333333333334,-17.633333333333333,-10.466666666666667,BCa,combo,Short
Llama-4-Maverick,0-20,5.176152197213291,933,4.675377913913562,5.735166248622488,4.2871918542336545,3.761875389151621,4.889858829526211,BCa,combo,Point-Hint
Llama-4-Maverick,20-40,9.930555555555555,108,8.268518518518519,11.89299364944983,4.949074074074074,2.6666666666666665,7.534087469957041,BCa,combo,Point-Hint
Llama-4-Maverick,40-60,12.41304347826087,46,10.326086956521738,14.73913043478261,-3.6739130434782608,-7.673913043478261,0.5217391304347826,BCa,combo,Point-Hint
Llama-4-Maverick,60-80,13.526315789473685,38,10.631578947368421,17.228212390948677,-7.157894736842105,-12.447368421052632,-2.473684210526316,BCa,combo,Point-Hint
Llama-4-Maverick,80-100,15.833333333333334,30,12.933333333333334,19.766666666666666,-15.833333333333334,-19.8,-12.966666666666667,BCa,combo,Point-Hint
Qwen-2.5,0-20,6.346248660235799,933,5.8551467392241054,6.937620578778135,5.548713826366559,5.0048333089513255,6.140826955150339,BCa,combo,Grid-Overlay
Qwen-2.5,20-40,9.49074074074074,108,8.074074074074074,11.351851851851851,6.712962962962963,4.7407407407407405,8.907407407407407,BCa,combo,Grid-Overlay
Qwen-2.5,40-60,11.478260869565217,46,9.478260869565217,13.506487683068965,-4.6521739130434785,-8.021739130434783,-0.9130434782608695,BCa,combo,Grid-Overlay
Qwen-2.5,60-80,15.763157894736842,38,11.789473684210526,20.446275434601038,-13.868421052631579,-19.026315789473685,-9.078947368421053,BCa,combo,Grid-Overlay
Qwen-2.5,80-100,15.666666666666666,30,13.1,18.266666666666666,-15.666666666666666,-18.366666666666667,-13.233333333333333,BCa,combo,Grid-Overlay
Llama-4-Maverick,0-20,4.736495176848874,933,4.288258776556505,5.276126660537411,3.808092175777063,3.30708435202172,4.360584219958683,BCa,combo,Grid-Overlay
Llama-4-Maverick,20-40,8.078703703703704,108,6.833333333333333,9.601851851851851,2.3194444444444446,0.37037037037037035,4.4247941893800595,BCa,combo,Grid-Overlay
Llama-4-Maverick,40-60,13.021739130434783,46,10.459540691812462,15.58695652173913,-6.804347826086956,-10.73913043478261,-2.652173913043478,BCa,combo,Grid-Overlay
Llama-4-Maverick,60-80,16.105263157894736,38,12.473684210526315,20.105263157894736,-12.789473684210526,-17.789473684210527,-7.894736842105263,BCa,combo,Grid-Overlay
Llama-4-Maverick,80-100,17.133333333333333,30,13.833333333333334,21.133333333333333,-17.133333333333333,-21.333333333333332,-13.833333333333334,BCa,combo,Grid-Overlay
Qwen-2.5,0-20,5.7122722400857455,933,5.249824570431323,6.260501287259163,4.7169882100750264,4.1980525569212706,5.286824876369106,BCa,combo,Short
Qwen-2.5,20-40,8.712962962962964,108,7.407407407407407,10.36111111111111,3.4722222222222223,1.3425925925925926,5.583333333333333,BCa,combo,Short
Qwen-2.5,40-60,12.956521739130435,46,10.543478260869565,15.663670354623402,-7.043478260869565,-11.08695652173913,-3.0434782608695654,BCa,combo,Short
Qwen-2.5,60-80,19.18421052631579,38,15.0,23.94736842105263,-16.763157894736842,-22.18421052631579,-11.473684210526315,BCa,combo,Short
Qwen-2.5,80-100,13.666666666666666,30,10.666666666666666,17.3,-13.666666666666666,-17.266666666666666,-10.633333333333333,BCa,combo,Short
Llama-4-Scout,0-20,4.584405144694534,933,4.163451232583065,5.081354710432196,3.685905680600214,3.240210739863012,4.227784491886509,BCa,combo,Short
Llama-4-Scout,20-40,10.277777777777779,108,8.37037037037037,12.768518518518519,3.3333333333333335,0.7142205277463031,6.361111111111111,BCa,combo,Short
Llama-4-Scout,40-60,17.217391304347824,46,14.58695652173913,20.2206662868733,-5.956521739130435,-11.108695652173912,-0.17164660079873537,BCa,combo,Short
Llama-4-Scout,60-80,20.55263157894737,38,16.394736842105264,24.63157894736842,-4.657894736842105,-12.630793739553782,2.789473684210526,BCa,combo,Short
Llama-4-Scout,80-100,10.766666666666667,30,6.333333333333333,19.78184226877353,-8.5,-17.966666666666665,-3.6666666666666665,BCa,combo,Short
Qwen-2.5,0-20,4.659431939978564,933,4.2639666915042245,5.114611236633857,3.608199356913183,3.1707395498392286,4.08257789688025,BCa,combo,Point-Hint
Qwen-2.5,20-40,7.592592592592593,108,6.4907407407407405,9.009272927734822,1.1111111111111112,-0.7062658015049477,3.0185185185185186,BCa,combo,Point-Hint
Qwen-2.5,40-60,12.478260869565217,46,10.217391304347826,14.91304347826087,-9.434782608695652,-12.630434782608695,-5.956521739130435,BCa,combo,Point-Hint
Qwen-2.5,60-80,21.94736842105263,38,17.5,26.63157894736842,-21.36842105263158,-26.289473684210527,-16.56279290252209,BCa,combo,Point-Hint
Qwen-2.5,80-100,20.166666666666668,30,16.566666666666666,24.0,-20.166666666666668,-24.1,-16.6,BCa,combo,Point-Hint
Llama-4-Scout,0-20,4.756752411575563,933,4.301382904770915,5.355871343109038,3.87508038585209,3.383097596244648,4.478016978946156,BCa,combo,Grid-Overlay
Llama-4-Scout,20-40,13.277777777777779,108,11.25462962962963,15.580184904262406,3.4166666666666665,0.4027777777777778,6.862388780508,BCa,combo,Grid-Overlay
Llama-4-Scout,40-60,16.782608695652176,46,14.152173913043478,19.67391304347826,-4.260869565217392,-9.717391304347826,1.2391304347826086,BCa,combo,Grid-Overlay
Llama-4-Scout,60-80,15.18421052631579,38,11.605263157894736,19.763157894736842,-9.5,-15.196281665520747,-4.342105263157895,BCa,combo,Grid-Overlay
Llama-4-Scout,80-100,17.033333333333335,30,13.033333333333333,23.133333333333333,-16.233333333333334,-22.733333333333334,-11.833333333333334,BCa,combo,Grid-Overlay
Mistral-Small-3.2,0-20,6.00069667738478,933,5.579724178011674,6.439528373353186,5.139281886387995,4.676634512325831,5.630429940821501,BCa,combo,Grid-Overlay
Mistral-Small-3.2,20-40,7.953703703703703,108,6.851851851851852,9.38888888888889,-0.046296296296296294,-1.9907407407407407,1.9074074074074074,BCa,combo,Grid-Overlay
Mistral-Small-3.2,40-60,13.956521739130435,46,11.674971914553485,16.41304347826087,-7.260869565217392,-11.346255498537973,-3.0,BCa,combo,Grid-Overlay
Mistral-Small-3.2,60-80,18.657894736842106,38,14.105263157894736,23.86842105263158,-17.026315789473685,-22.81578947368421,-11.801549348675556,BCa,combo,Grid-Overlay
Mistral-Small-3.2,80-100,21.666666666666668,30,17.966666666666665,26.285054345015183,-21.666666666666668,-26.633333333333333,-18.1,BCa,combo,Grid-Overlay
Gemma-3-12B,0-20,8.190836012861736,933,7.675175418299788,8.78124573319514,7.8627545551982845,7.322122747729755,8.444212218649518,BCa,combo,Short
Gemma-3-12B,20-40,13.731481481481481,108,11.678681457581314,15.871599415372085,8.194444444444445,5.25,11.222631202383816,BCa,combo,Short
Gemma-3-12B,40-60,13.956521739130435,46,11.5,16.41304347826087,-0.08695652173913043,-4.804347826086956,4.760869565217392,BCa,combo,Short
Gemma-3-12B,60-80,14.710526315789474,38,11.421052631578947,18.18421052631579,-4.131578947368421,-9.736842105263158,1.5526315789473684,BCa,combo,Short
Gemma-3-12B,80-100,19.133333333333333,30,14.2,25.366666666666667,-18.333333333333332,-24.8,-13.0,BCa,combo,Short
Llama-4-Scout,0-20,5.844105037513398,933,5.304908516639551,6.446288022489584,5.131243301178992,4.569180988680191,5.76512886955763,BCa,combo,Point-Hint
Llama-4-Scout,20-40,16.210925925925924,108,13.851851851851851,18.98333975255092,9.340555555555556,5.949074074074074,13.044400831689309,BCa,combo,Point-Hint
Llama-4-Scout,40-60,13.391304347826088,46,10.434782608695652,16.652173913043477,-0.6956521739130435,-5.608695652173913,3.9591920802906078,BCa,combo,Point-Hint
Llama-4-Scout,60-80,15.539473684210526,38,12.219259110168405,19.236842105263158,-4.25,-10.250366248565596,1.5394736842105263,BCa,combo,Point-Hint
Llama-4-Scout,80-100,18.8,30,13.933333333333334,26.49357338922579,-18.1,-25.933333333333334,-12.966666666666667,BCa,combo,Point-Hint
Mistral-Small-3.2,0-20,4.917738478027867,933,4.513464287610262,5.364878736644395,3.363290460878885,2.8947039800841976,3.8867796696413084,BCa,combo,Point-Hint
Mistral-Small-3.2,20-40,8.36111111111111,108,7.12962962962963,9.87962962962963,-1.6203703703703705,-3.611111111111111,0.5648148148148148,BCa,combo,Point-Hint
Mistral-Small-3.2,40-60,14.173913043478262,46,11.80533605028628,16.565217391304348,-9.217391304347826,-13.021739130434783,-5.1521739130434785,BCa,combo,Point-Hint
Mistral-Small-3.2,60-80,18.789473684210527,38,14.2053667129837,23.68421052631579,-17.42105263157895,-22.81578947368421,-12.421052631578947,BCa,combo,Point-Hint
Mistral-Small-3.2,80-100,24.0,30,19.966666666666665,29.033333333333335,-24.0,-29.17845047100338,-19.933333333333334,BCa,combo,Point-Hint
Gemma-3-12B,0-20,7.2898713826366555,933,6.756030018129371,7.855984733879163,6.7175241157556265,6.16353422621163,7.320539440306782,BCa,combo,Point-Hint
Gemma-3-12B,20-40,13.601851851851851,108,11.75,15.75925925925926,4.638888888888889,1.6111111111111112,7.840712928972034,BCa,combo,Point-Hint
Gemma-3-12B,40-60,13.08695652173913,46,10.543478260869565,15.828859640277939,-1.173913043478261,-5.673913043478261,3.3260869565217392,BCa,combo,Point-Hint
Gemma-3-12B,60-80,14.342105263157896,38,11.026315789473685,18.270875301941487,-9.131578947368421,-14.303532589158175,-4.2368421052631575,BCa,combo,Point-Hint
Gemma-3-12B,80-100,23.0,30,18.766666666666666,29.066666666666666,-23.0,-29.166666666666668,-18.933333333333334,BCa,combo,Point-Hint
Qwen-2.5,0-20,4.2379957127545556,933,3.8702036441586283,4.627401737459595,2.9313504823151124,2.525088629943536,3.3761772587579624,BCa,combo,Detailed
Qwen-2.5,20-40,6.87962962962963,108,5.703703703703703,8.481481481481481,0.32407407407407407,-1.5092592592592593,2.25,BCa,combo,Detailed
Qwen-2.5,40-60,15.347826086956522,46,12.905602604493486,17.717391304347824,-12.478260869565217,-15.748356272841328,-8.630434782608695,BCa,combo,Detailed
Qwen-2.5,60-80,23.710526315789473,38,18.894736842105264,28.42105263157895,-22.55263157894737,-27.68421052631579,-17.05263157894737,BCa,combo,Detailed
Qwen-2.5,80-100,21.666666666666668,30,17.166666666666668,27.633333333333333,-21.666666666666668,-27.366666666666667,-17.1417348330855,BCa,combo,Detailed
Gemma-3-27B,0-20,12.22556270096463,933,11.702491131731255,12.804311860035458,12.15,11.621094034697169,12.721346944017737,BCa,combo,Grid-Overlay
Gemma-3-27B,20-40,9.722222222222221,108,8.175925925925926,11.636649211087995,7.685185185185185,5.738686160600691,9.828289089905951,BCa,combo,Grid-Overlay
Gemma-3-27B,40-60,10.91304347826087,46,8.76086956521739,13.282608695652174,-4.0,-7.521739130434782,-0.043478260869565216,BCa,combo,Grid-Overlay
Gemma-3-27B,60-80,15.710526315789474,38,11.921052631578947,19.842105263157894,-13.078947368421053,-18.0,-8.18421052631579,BCa,combo,Grid-Overlay
Gemma-3-27B,80-100,23.333333333333332,30,19.433333333333334,27.933333333333334,-23.333333333333332,-27.9,-19.5,BCa,combo,Grid-Overlay
Gemma-3-27B,0-20,8.934565916398714,933,8.471808795685925,9.44917651723275,8.763076098606644,8.300606466752876,9.285723585399465,BCa,combo,Point-Hint
Gemma-3-27B,20-40,8.0,108,6.9309745240943075,9.407407407407407,3.425925925925926,1.6218272871960715,5.351851851851852,BCa,combo,Point-Hint
Gemma-3-27B,40-60,12.717391304347826,46,10.847826086956522,14.76086956521739,-6.934782608695652,-10.347826086956522,-3.0869565217391304,BCa,combo,Point-Hint
Gemma-3-27B,60-80,16.63157894736842,38,12.473684210526315,21.55263157894737,-15.052631578947368,-20.42105263157895,-10.263157894736842,BCa,combo,Point-Hint
Gemma-3-27B,80-100,26.0,30,21.740650033119024,31.333333333333332,-26.0,-31.4,-21.7,BCa,combo,Point-Hint
Gemma-3-27B,0-20,6.7571811361200425,933,6.387973025132296,7.174109646400601,6.379367631296891,5.9817693207064995,6.823947910005349,BCa,combo,Short
Gemma-3-27B,20-40,6.944444444444445,108,5.842592592592593,8.305555555555555,-1.0185185185185186,-2.7087834028382773,0.8333333333333334,BCa,combo,Short
Gemma-3-27B,40-60,15.804347826086957,46,13.326086956521738,18.23913043478261,-10.847826086956522,-14.673913043478262,-6.314896450589439,BCa,combo,Short
Gemma-3-27B,60-80,18.473684210526315,38,13.68421052631579,23.789473684210527,-16.36842105263158,-22.236842105263158,-10.763157894736842,BCa,combo,Short
Gemma-3-27B,80-100,25.333333333333332,30,19.533333333333335,31.866666666666667,-25.333333333333332,-31.876943937742933,-19.466666666666665,BCa,combo,Short
Gemma-3-12B,0-20,9.905627009646302,933,9.374735934843345,10.470990593897481,9.655894962486602,9.091823578447716,10.228792701444222,BCa,combo,Grid-Overlay
Gemma-3-12B,20-40,10.592592592592593,108,9.175925925925926,12.42663612737966,5.444444444444445,3.1666666666666665,7.881958624317341,BCa,combo,Grid-Overlay
Gemma-3-12B,40-60,11.434782608695652,46,9.347826086956522,13.496598797474215,-4.217391304347826,-7.695652173913044,-0.47694105544376175,BCa,combo,Grid-Overlay
Gemma-3-12B,60-80,16.289473684210527,38,12.394736842105264,20.473684210526315,-14.131578947368421,-19.05263157894737,-9.5,BCa,combo,Grid-Overlay
Gemma-3-12B,80-100,30.466666666666665,30,25.533333333333335,35.56666666666667,-30.466666666666665,-35.833333333333336,-25.766666666666666,BCa,combo,Grid-Overlay
Mistral-Small-3.2,0-20,5.234351554126474,933,4.8792988673463995,5.615228244416184,4.413665594855305,4.011773336405312,4.845479971976122,BCa,combo,Short
Mistral-Small-3.2,20-40,7.546296296296297,108,6.472222222222222,8.88888888888889,-3.6574074074074074,-5.333333333333333,-1.8981481481481481,BCa,combo,Short
Mistral-Small-3.2,40-60,16.304347826086957,46,13.695652173913043,18.891304347826086,-13.565217391304348,-17.043478260869566,-9.565217391304348,BCa,combo,Short
Mistral-Small-3.2,60-80,24.710526315789473,38,19.257151232125437,30.13157894736842,-23.07894736842105,-28.973684210526315,-17.157894736842106,BCa,combo,Short
Mistral-Small-3.2,80-100,25.833333333333332,30,21.566666666666666,31.0,-25.833333333333332,-30.933333333333334,-21.433333333333334,BCa,combo,Short
Mistral-Small-3.2,0-20,7.848821007502679,933,7.453826556470186,8.273022482316009,7.169292604501607,6.719758567778397,7.636187433874601,BCa,combo,Detailed
Mistral-Small-3.2,20-40,6.935185185185185,108,6.037037037037037,7.944444444444445,-2.7314814814814814,-4.273595940488028,-1.1944444444444444,BCa,combo,Detailed
Mistral-Small-3.2,40-60,16.32608695652174,46,13.847826086956522,18.695652173913043,-14.108695652173912,-17.130434782608695,-10.496166223699655,BCa,combo,Detailed
Mistral-Small-3.2,60-80,26.026315789473685,38,20.68421052631579,31.07894736842105,-25.44736842105263,-30.713445102483355,-19.68421052631579,BCa,combo,Detailed
Mistral-Small-3.2,80-100,35.666666666666664,30,30.8,40.833333333333336,-35.666666666666664,-40.7,-30.633333333333333,BCa,combo,Detailed
Gemma-3-12B,0-20,7.539067524115755,933,7.120734542356677,7.985067560015158,7.057824222936763,6.605287205739605,7.538090693693875,BCa,combo,Detailed
Gemma-3-12B,20-40,9.925925925925926,108,8.61111111111111,11.574074074074074,-3.6666666666666665,-5.833333333333333,-1.2741133078757567,BCa,combo,Detailed
Gemma-3-12B,40-60,19.391304347826086,46,16.82608695652174,21.97826086956522,-13.782608695652174,-18.043478260869566,-8.391304347826088,BCa,combo,Detailed
Gemma-3-12B,60-80,26.289473684210527,38,21.689283248320496,31.394736842105264,-22.55263157894737,-28.710526315789473,-15.526315789473685,BCa,combo,Detailed
Gemma-3-12B,80-100,38.666666666666664,30,31.066666666666666,46.3,-38.0,-45.86666666666667,-29.839122192459218,BCa,combo,Detailed
Gemma-3-27B,0-20,9.029421221864952,933,8.66842584001638,9.423514056266729,8.733065380493032,8.334381552527633,9.156144270285242,BCa,combo,Detailed
Gemma-3-27B,20-40,9.018518518518519,108,7.851851851851852,10.36111111111111,-2.4074074074074074,-4.537037037037037,-0.3055555555555556,BCa,combo,Detailed
Gemma-3-27B,40-60,20.47826086956522,46,17.369565217391305,23.956521739130434,-16.17391304347826,-20.858858848316842,-11.067187847899612,BCa,combo,Detailed
Gemma-3-27B,60-80,25.05263157894737,38,19.210526315789473,31.44736842105263,-23.473684210526315,-30.18421052631579,-16.92105263157895,BCa,combo,Detailed
Gemma-3-27B,80-100,42.666666666666664,30,34.25682648418815,50.333333333333336,-42.666666666666664,-50.36666666666667,-34.12105629377541,BCa,combo,Detailed
Llama-4-Maverick,0-20,3.212486602357985,933,2.926353667375673,3.5271498740229017,-0.008949624866023605,-0.3714165104888182,0.3562248027293363,BCa,combo,Detailed
Llama-4-Maverick,20-40,16.87037037037037,108,14.717592592592593,19.189814814814813,-15.518518518518519,-18.01388888888889,-12.93236979551002,BCa,combo,Detailed
Llama-4-Maverick,40-60,32.391304347826086,46,26.804347826086957,38.15217391304348,-32.17391304347826,-38.06521739130435,-26.32608695652174,BCa,combo,Detailed
Llama-4-Maverick,60-80,38.05263157894737,38,31.473684210526315,45.15828555609024,-37.526315789473685,-44.973684210526315,-30.5,BCa,combo,Detailed
Llama-4-Maverick,80-100,59.666666666666664,30,48.86666666666667,69.46364424795836,-59.666666666666664,-69.46666666666667,-49.2,BCa,combo,Detailed
Llama-4-Scout,0-20,3.7618971061093247,933,3.4483053480294874,4.130314865291879,0.917416934619507,0.5234019912013073,1.3356760552046796,BCa,combo,Detailed
Llama-4-Scout,20-40,20.48148148148148,108,18.37962962962963,22.453703703703702,-18.09259259259259,-20.65740740740741,-15.185185185185185,BCa,combo,Detailed
Llama-4-Scout,40-60,35.06521739130435,46,29.456521739130434,40.08695652173913,-35.06521739130435,-40.17391304347826,-29.565217391304348,BCa,combo,Detailed
Llama-4-Scout,60-80,38.86842105263158,38,30.894736842105264,46.974352815484195,-34.13157894736842,-43.55263157894737,-23.877656936783893,BCa,combo,Detailed
Llama-4-Scout,80-100,61.96666666666667,30,48.96666666666667,72.96666666666667,-60.766666666666666,-72.41727708920054,-46.43333333333333,BCa,combo,Detailed
