model,prompt,balanced_mae,mae_bin_0-20,n_bin_0-20,mae_bin_0-20_ci_lo,mae_bin_0-20_ci_hi,mae_bin_20-40,n_bin_20-40,mae_bin_20-40_ci_lo,mae_bin_20-40_ci_hi,mae_bin_40-60,n_bin_40-60,mae_bin_40-60_ci_lo,mae_bin_40-60_ci_hi,mae_bin_60-80,n_bin_60-80,mae_bin_60-80_ci_lo,mae_bin_60-80_ci_hi,mae_bin_80-100,n_bin_80-100,mae_bin_80-100_ci_lo,mae_bin_80-100_ci_hi,overall_mae,rmse,mean_bias,median_bias,p_within_5,p_within_10,exact_zero_rate,spearman_rho,spearman_p,n_images,overall_mae_ci_lo,overall_mae_ci_hi,overall_mae_ci_method,balanced_mae_ci_lo,balanced_mae_ci_hi,balanced_mae_ci_method,balanced_mae_ci_lo_stratified,balanced_mae_ci_hi_stratified,balanced_mae_ci_method_stratified,balanced_mae_ci_empty_bin_violations_stratified,mean_bias_bin_0-20,mean_bias_bin_0-20_ci_lo,mean_bias_bin_0-20_ci_hi,mean_bias_bin_0-20_ci_method,mean_bias_bin_20-40,mean_bias_bin_20-40_ci_lo,mean_bias_bin_20-40_ci_hi,mean_bias_bin_20-40_ci_method,mean_bias_bin_40-60,mean_bias_bin_40-60_ci_lo,mean_bias_bin_40-60_ci_hi,mean_bias_bin_40-60_ci_method,mean_bias_bin_60-80,mean_bias_bin_60-80_ci_lo,mean_bias_bin_60-80_ci_hi,mean_bias_bin_60-80_ci_method,mean_bias_bin_80-100,mean_bias_bin_80-100_ci_lo,mean_bias_bin_80-100_ci_hi,mean_bias_bin_80-100_ci_method
Llama-4-Maverick,Short,11.209051674497458,4.586655948553055,933,4.108930281272714,5.125705625478739,11.935185185185185,108,10.101851851851851,14.212962962962964,13.630434782608695,46,11.195652173913043,16.347826086956523,11.526315789473685,38,9.394736842105264,14.447368421052632,14.366666666666667,30,11.433333333333334,17.966666666666665,6.116320346320347,10.837618766107273,3.0917316017316017,0.0,0.6909090909090909,0.8181818181818182,0.3307359307359307,0.8265896292940761,4.133066498016389e-290,1155,5.617179974787063,6.658550864720788,BCa,10.191549773501494,12.35640344341384,BCa,10.200999015378608,12.305040669018299,BCa,0,3.7534297963558414,3.2410622524590407,4.333995349557028,BCa,5.694444444444445,2.9098663178893935,8.540088670023561,BCa,-1.065217391304348,-5.891304347826087,3.5402375523798306,BCa,-2.1578947368421053,-6.879117720178132,1.9210526315789473,BCa,-13.833333333333334,-17.633333333333333,-10.466666666666667,BCa
Llama-4-Maverick,Point-Hint,11.375880070767348,5.176152197213291,933,4.675377913913562,5.735166248622488,9.930555555555555,108,8.268518518518519,11.89299364944983,12.41304347826087,46,10.326086956521738,14.73913043478261,13.526315789473685,38,10.631578947368421,17.228212390948677,15.833333333333334,30,12.933333333333334,19.766666666666666,6.460476190476191,11.022904037499076,3.1328571428571426,0.0,0.6502164502164502,0.8025974025974026,0.3489177489177489,0.8190665305346031,1.65877785333687e-280,1155,5.984706820257325,7.009037413818646,BCa,10.346748538211468,12.577196792583626,BCa,10.326457163362962,12.535920694142359,BCa,0,4.2871918542336545,3.761875389151621,4.889858829526211,BCa,4.949074074074074,2.6666666666666665,7.534087469957041,BCa,-3.6739130434782608,-7.673913043478261,0.5217391304347826,BCa,-7.157894736842105,-12.447368421052632,-2.473684210526316,BCa,-15.833333333333334,-19.8,-12.966666666666667,BCa
Qwen-2.5,Grid-Overlay,11.749014966389051,6.346248660235799,933,5.8551467392241054,6.937620578778135,9.49074074074074,108,8.074074074074074,11.351851851851851,11.478260869565217,46,9.478260869565217,13.506487683068965,15.763157894736842,38,11.789473684210526,20.446275434601038,15.666666666666666,30,13.1,18.266666666666666,7.396580086580086,11.54026819633279,4.061428571428571,3.0,0.6683982683982684,0.7567099567099567,0.12467532467532468,0.7605923389318955,1.5307019721046477e-218,1155,6.8949014008032306,7.926552237340933,BCa,10.644975813129436,12.95018776805107,BCa,10.678728151636632,12.88185971494152,BCa,0,5.548713826366559,5.0048333089513255,6.140826955150339,BCa,6.712962962962963,4.7407407407407405,8.907407407407407,BCa,-4.6521739130434785,-8.021739130434783,-0.9130434782608695,BCa,-13.868421052631579,-19.026315789473685,-9.078947368421053,BCa,-15.666666666666666,-18.366666666666667,-13.233333333333333,BCa
Llama-4-Maverick,Grid-Overlay,11.815106900443086,4.736495176848874,933,4.288258776556505,5.276126660537411,8.078703703703704,108,6.833333333333333,9.601851851851851,13.021739130434783,46,10.459540691812462,15.58695652173913,16.105263157894736,38,12.473684210526315,20.105263157894736,17.133333333333333,30,13.833333333333334,21.133333333333333,6.0750216450216445,10.497837233453689,2.156233766233766,0.0,0.6857142857142857,0.8034632034632034,0.3463203463203463,0.8260992702197525,1.804224904895854e-289,1155,5.599185089382504,6.60268195710983,BCa,10.652303714487774,13.09442366020787,BCa,10.669603430040699,13.083629351485024,BCa,0,3.808092175777063,3.30708435202172,4.360584219958683,BCa,2.3194444444444446,0.37037037037037035,4.4247941893800595,BCa,-6.804347826086956,-10.73913043478261,-2.652173913043478,BCa,-12.789473684210526,-17.789473684210527,-7.894736842105263,BCa,-17.133333333333333,-21.333333333333332,-13.833333333333334,BCa
Qwen-2.5,Short,12.04652682703232,5.7122722400857455,933,5.249824570431323,6.260501287259163,8.712962962962964,108,7.407407407407407,10.36111111111111,12.956521739130435,46,10.543478260869565,15.663670354623402,19.18421052631579,38,15.0,23.94736842105263,13.666666666666666,30,10.666666666666666,17.3,6.9312121212121225,11.079650528972286,2.948008658008658,3.0,0.7064935064935065,0.787012987012987,0.13506493506493505,0.7547304430987166,2.5687377015844387e-213,1155,6.456672867724123,7.474658563197528,BCa,10.815634216918196,13.345391976644036,BCa,10.812737920364572,13.370132100750066,BCa,0,4.7169882100750264,4.1980525569212706,5.286824876369106,BCa,3.4722222222222223,1.3425925925925926,5.583333333333333,BCa,-7.043478260869565,-11.08695652173913,-3.0434782608695654,BCa,-16.763157894736842,-22.18421052631579,-11.473684210526315,BCa,-13.666666666666666,-17.266666666666666,-10.633333333333333,BCa
Llama-4-Scout,Short,12.679774494486834,4.584405144694534,933,4.163451232583065,5.081354710432196,10.277777777777779,108,8.37037037037037,12.768518518518519,17.217391304347824,46,14.58695652173913,20.2206662868733,20.55263157894737,38,16.394736842105264,24.63157894736842,10.766666666666667,30,6.333333333333333,19.78184226877353,6.305844155844156,11.184956172857566,2.6778787878787877,0.0,0.6571428571428571,0.8329004329004329,0.35844155844155845,0.8313627382890623,1.9015859379261727e-296,1155,5.807473316866086,6.8769673189444,BCa,11.288833848194065,14.705537303079312,BCa,11.300769979043533,14.687724502289646,BCa,0,3.685905680600214,3.240210739863012,4.227784491886509,BCa,3.3333333333333335,0.7142205277463031,6.361111111111111,BCa,-5.956521739130435,-11.108695652173912,-0.17164660079873537,BCa,-4.657894736842105,-12.630793739553782,2.789473684210526,BCa,-8.5,-17.966666666666665,-3.6666666666666665,BCa
Qwen-2.5,Point-Hint,13.368864097971136,4.659431939978564,933,4.2639666915042245,5.114611236633857,7.592592592592593,108,6.4907407407407405,9.009272927734822,12.478260869565217,46,10.217391304347826,14.91304347826087,21.94736842105263,38,17.5,26.63157894736842,20.166666666666668,30,16.566666666666666,24.0,6.216666666666667,10.31432817981209,1.415974025974026,1.0,0.7264069264069264,0.8147186147186147,0.15497835497835497,0.7729334524041667,4.742633360141906e-230,1155,5.754040377329724,6.691858803760027,BCa,12.080088635364714,14.682156954272239,BCa,12.095888710261534,14.679016070882877,BCa,0,3.608199356913183,3.1707395498392286,4.08257789688025,BCa,1.1111111111111112,-0.7062658015049477,3.0185185185185186,BCa,-9.434782608695652,-12.630434782608695,-5.956521739130435,BCa,-21.36842105263158,-26.289473684210527,-16.56279290252209,BCa,-20.166666666666668,-24.1,-16.6,BCa
Llama-4-Scout,Grid-Overlay,13.40693654893093,4.756752411575563,933,4.301382904770915,5.355871343109038,13.277777777777779,108,11.25462962962963,15.580184904262406,16.782608695652176,46,14.152173913043478,19.67391304347826,15.18421052631579,38,11.605263157894736,19.763157894736842,17.033333333333335,30,13.033333333333333,23.133333333333333,6.694415584415584,11.814421721187228,2.5458441558441556,1.3,0.6545454545454545,0.8095238095238095,0.22770562770562772,0.818637564221067,5.673562417865754e-280,1155,6.169522318808654,7.307496618150132,BCa,12.06134391100978,15.042966950409777,BCa,12.099560546671432,14.997543102168613,BCa,0,3.87508038585209,3.383097596244648,4.478016978946156,BCa,3.4166666666666665,0.4027777777777778,6.862388780508,BCa,-4.260869565217392,-9.717391304347826,1.2391304347826086,BCa,-9.5,-15.196281665520747,-4.342105263157895,BCa,-16.233333333333334,-22.733333333333334,-11.833333333333334,BCa
Mistral-Small-3.2,Grid-Overlay,13.64709670474554,6.00069667738478,933,5.579724178011674,6.439528373353186,7.953703703703703,108,6.851851851851852,9.38888888888889,13.956521739130435,46,11.674971914553485,16.41304347826087,18.657894736842106,38,14.105263157894736,23.86842105263158,21.666666666666668,30,17.966666666666665,26.285054345015183,7.3235064935064935,11.018192256720727,2.7350216450216447,2.0,0.606926406926407,0.7480519480519481,0.025974025974025976,0.6686603367785218,1.5066469807579622e-150,1155,6.87737205395787,7.82330948392784,BCa,12.314367606766238,15.139213180825461,BCa,12.336558752653717,15.127277605541313,BCa,0,5.139281886387995,4.676634512325831,5.630429940821501,BCa,-0.046296296296296294,-1.9907407407407407,1.9074074074074074,BCa,-7.260869565217392,-11.346255498537973,-3.0,BCa,-17.026315789473685,-22.81578947368421,-11.801549348675556,BCa,-21.666666666666668,-26.633333333333333,-18.1,BCa
Gemma-3-12B,Short,13.944539776519292,8.190836012861736,933,7.675175418299788,8.78124573319514,13.731481481481481,108,11.678681457581314,15.871599415372085,13.956521739130435,46,11.5,16.41304347826087,14.710526315789474,38,11.421052631578947,18.18421052631579,19.133333333333333,30,14.2,25.366666666666667,9.437272727272727,13.334898636473456,6.502121212121212,5.0,0.5393939393939394,0.6519480519480519,0.01471861471861472,0.7525167470859623,2.21072767871666e-211,1155,8.920448106210893,9.996410646891656,BCa,12.540618079336411,15.504012208754004,BCa,12.601895530782535,15.54170620021093,BCa,0,7.8627545551982845,7.322122747729755,8.444212218649518,BCa,8.194444444444445,5.25,11.222631202383816,BCa,-0.08695652173913043,-4.804347826086956,4.760869565217392,BCa,-4.131578947368421,-9.736842105263158,1.5526315789473684,BCa,-18.333333333333332,-24.8,-13.0,BCa
Llama-4-Scout,Point-Hint,13.957161799095186,5.844105037513398,933,5.304908516639551,6.446288022489584,16.210925925925924,108,13.851851851851851,18.98333975255092,13.391304347826088,46,10.434782608695652,16.652173913043477,15.539473684210526,38,12.219259110168405,19.236842105263158,18.8,30,13.933333333333334,26.49357338922579,7.769549783549784,13.16311013065257,4.3807186147186155,2.0,0.6173160173160173,0.7471861471861472,0.2865800865800866,0.822156609882908,2.138964436125199e-284,1155,7.19790509922124,8.410328348214266,BCa,12.50064719612805,15.812299488980056,BCa,12.549574767590816,15.809423943645582,BCa,0,5.131243301178992,4.569180988680191,5.76512886955763,BCa,9.340555555555556,5.949074074074074,13.044400831689309,BCa,-0.6956521739130435,-5.608695652173913,3.9591920802906078,BCa,-4.25,-10.250366248565596,1.5394736842105263,BCa,-18.1,-25.933333333333334,-12.966666666666667,BCa
Mistral-Small-3.2,Point-Hint,14.048447263365555,4.917738478027867,933,4.513464287610262,5.364878736644395,8.36111111111111,108,7.12962962962963,9.87962962962963,14.173913043478262,46,11.80533605028628,16.565217391304348,18.789473684210527,38,14.2053667129837,23.68421052631579,24.0,30,19.966666666666665,29.033333333333335,6.560389610389611,10.777764809352368,1.0016883116883115,0.4,0.6623376623376623,0.780952380952381,0.12294372294372294,0.6772403929582805,7.723066551979786e-156,1155,6.093849359781969,7.079459180433654,BCa,12.677377330832929,15.551684868256581,BCa,12.67003100308587,15.543602828189197,BCa,0,3.363290460878885,2.8947039800841976,3.8867796696413084,BCa,-1.6203703703703705,-3.611111111111111,0.5648148148148148,BCa,-9.217391304347826,-13.021739130434783,-5.1521739130434785,BCa,-17.42105263157895,-22.81578947368421,-12.421052631578947,BCa,-24.0,-29.17845047100338,-19.933333333333334,BCa
Gemma-3-12B,Point-Hint,14.264157003877107,7.2898713826366555,933,6.756030018129371,7.855984733879163,13.601851851851851,108,11.75,15.75925925925926,13.08695652173913,46,10.543478260869565,15.828859640277939,14.342105263157896,38,11.026315789473685,18.270875301941487,23.0,30,18.766666666666666,29.066666666666666,8.751038961038962,12.99561356233217,4.915541125541125,4.0,0.5714285714285714,0.6727272727272727,0.0008658008658008658,0.7189541550737341,2.3109085162020742e-184,1155,8.216091737303444,9.333638097598007,BCa,12.982433549357596,15.788479507810608,BCa,12.979810430281516,15.748731152407725,BCa,0,6.7175241157556265,6.16353422621163,7.320539440306782,BCa,4.638888888888889,1.6111111111111112,7.840712928972034,BCa,-1.173913043478261,-5.673913043478261,3.3260869565217392,BCa,-9.131578947368421,-14.303532589158175,-4.2368421052631575,BCa,-23.0,-29.166666666666668,-18.933333333333334,BCa
Qwen-2.5,Detailed,14.36852888235937,4.2379957127545556,933,3.8702036441586283,4.627401737459595,6.87962962962963,108,5.703703703703703,8.481481481481481,15.347826086956522,46,12.905602604493486,17.717391304347824,23.710526315789473,38,18.894736842105264,28.42105263157895,21.666666666666668,30,17.166666666666668,27.633333333333333,6.020822510822511,10.374629707051792,0.5964935064935065,0.5,0.7428571428571429,0.8121212121212121,0.21471861471861473,0.8071669899313251,3.3911279500443515e-266,1155,5.565265181153314,6.544323300240657,BCa,12.885636494612706,15.951007737833613,BCa,12.917904653579646,15.914546875368767,BCa,0,2.9313504823151124,2.525088629943536,3.3761772587579624,BCa,0.32407407407407407,-1.5092592592592593,2.25,BCa,-12.478260869565217,-15.748356272841328,-8.630434782608695,BCa,-22.55263157894737,-27.68421052631579,-17.05263157894737,BCa,-21.666666666666668,-27.366666666666667,-17.1417348330855,BCa
Gemma-3-27B,Grid-Overlay,14.380937610114106,12.22556270096463,933,11.702491131731255,12.804311860035458,9.722222222222221,108,8.175925925925926,11.636649211087995,10.91304347826087,46,8.76086956521739,13.282608695652174,15.710526315789474,38,11.921052631578947,19.842105263157894,23.333333333333332,30,19.433333333333334,27.933333333333334,12.342380952380953,15.265719951175104,9.337619047619048,10.0,0.35844155844155845,0.470995670995671,0.0017316017316017316,0.7489312839142598,2.7234442196518387e-208,1155,11.8397665353463,12.858294117726393,BCa,13.13946223784195,15.725664672753993,BCa,13.163670588466593,15.737036211900845,BCa,0,12.15,11.621094034697169,12.721346944017737,BCa,7.685185185185185,5.738686160600691,9.828289089905951,BCa,-4.0,-7.521739130434782,-0.043478260869565216,BCa,-13.078947368421053,-18.0,-8.18421052631579,BCa,-23.333333333333332,-27.9,-19.5,BCa
Gemma-3-27B,Point-Hint,14.456707233622993,8.934565916398714,933,8.471808795685925,9.44917651723275,8.0,108,6.9309745240943075,9.407407407407407,12.717391304347826,46,10.847826086956522,14.76086956521739,16.63157894736842,38,12.473684210526315,21.55263157894737,26.0,30,21.740650033119024,31.333333333333332,9.694329004329004,12.902684290672306,5.952337662337662,5.0,0.49004329004329006,0.6658008658008658,0.0008658008658008658,0.7526975364899144,1.5391910184803555e-211,1155,9.235324675324675,10.22263889300084,BCa,13.15135914982916,16.00610963481765,BCa,13.164627697694497,15.941592234044142,BCa,0,8.763076098606644,8.300606466752876,9.285723585399465,BCa,3.425925925925926,1.6218272871960715,5.351851851851852,BCa,-6.934782608695652,-10.347826086956522,-3.0869565217391304,BCa,-15.052631578947368,-20.42105263157895,-10.263157894736842,BCa,-26.0,-31.4,-21.7,BCa
Gemma-3-27B,Short,14.66259819010222,6.7571811361200425,933,6.387973025132296,7.174109646400601,6.944444444444445,108,5.842592592592593,8.305555555555555,15.804347826086957,46,13.326086956521738,18.23913043478261,18.473684210526315,38,13.68421052631579,23.789473684210527,25.333333333333332,30,19.533333333333335,31.866666666666667,8.002987012987012,11.504979065171883,3.429393939393939,4.9,0.6155844155844156,0.7731601731601732,0.01038961038961039,0.763050154664965,8.894489671769126e-221,1155,7.545331342179533,8.502384608717943,BCa,12.975391851548187,16.398952514506767,BCa,13.05045038165629,16.373200125647827,BCa,0,6.379367631296891,5.9817693207064995,6.823947910005349,BCa,-1.0185185185185186,-2.7087834028382773,0.8333333333333334,BCa,-10.847826086956522,-14.673913043478262,-6.314896450589439,BCa,-16.36842105263158,-22.236842105263158,-10.763157894736842,BCa,-25.333333333333332,-31.876943937742933,-19.466666666666665,BCa
Gemma-3-12B,Grid-Overlay,15.73782851236235,9.905627009646302,933,9.374735934843345,10.470990593897481,10.592592592592593,108,9.175925925925926,12.42663612737966,11.434782608695652,46,9.347826086956522,13.496598797474215,16.289473684210527,38,12.394736842105264,20.473684210526315,30.466666666666665,30,25.533333333333335,35.56666666666667,10.774848484848485,14.339650701850525,6.884805194805194,5.0,0.43203463203463205,0.5471861471861472,0.0,0.7077241973614278,3.4601961929682614e-176,1155,10.248528138528139,11.33987202102107,BCa,14.3908389708777,17.2057794667376,BCa,14.38934151554093,17.132195775076564,BCa,0,9.655894962486602,9.091823578447716,10.228792701444222,BCa,5.444444444444445,3.1666666666666665,7.881958624317341,BCa,-4.217391304347826,-7.695652173913044,-0.47694105544376175,BCa,-14.131578947368421,-19.05263157894737,-9.5,BCa,-30.466666666666665,-35.833333333333336,-25.766666666666666,BCa
Mistral-Small-3.2,Short,15.925771065126506,5.234351554126474,933,4.8792988673463995,5.615228244416184,7.546296296296297,108,6.472222222222222,8.88888888888889,16.304347826086957,46,13.695652173913043,18.891304347826086,24.710526315789473,38,19.257151232125437,30.13157894736842,25.833333333333332,30,21.566666666666666,31.0,7.067229437229438,11.121616076625022,1.2527705627705625,2.0,0.6303030303030303,0.8138528138528138,0.07532467532467532,0.6993898494901589,2.2847838196528755e-170,1155,6.575870425888683,7.589913752396644,BCa,14.446355315763102,17.561346994701974,BCa,14.498757272403546,17.541947245437907,BCa,0,4.413665594855305,4.011773336405312,4.845479971976122,BCa,-3.6574074074074074,-5.333333333333333,-1.8981481481481481,BCa,-13.565217391304348,-17.043478260869566,-9.565217391304348,BCa,-23.07894736842105,-28.973684210526315,-17.157894736842106,BCa,-25.833333333333332,-30.933333333333334,-21.433333333333334,BCa
Mistral-Small-3.2,Detailed,18.560615121069993,7.848821007502679,933,7.453826556470186,8.273022482316009,6.935185185185185,108,6.037037037037037,7.944444444444445,16.32608695652174,46,13.847826086956522,18.695652173913043,26.026315789473685,38,20.68421052631579,31.07894736842105,35.666666666666664,30,30.8,40.833333333333336,9.421601731601733,13.141334527367194,3.21034632034632,4.9,0.5134199134199134,0.6424242424242425,0.012121212121212121,0.5887141853206791,1.140433220562749e-108,1155,8.911429950283642,9.998131588703227,BCa,17.00949639582249,20.132169805411017,BCa,17.083481515678262,20.157928581340695,BCa,0,7.169292604501607,6.719758567778397,7.636187433874601,BCa,-2.7314814814814814,-4.273595940488028,-1.1944444444444444,BCa,-14.108695652173912,-17.130434782608695,-10.496166223699655,BCa,-25.44736842105263,-30.713445102483355,-19.68421052631579,BCa,-35.666666666666664,-40.7,-30.633333333333333,BCa
Gemma-3-12B,Detailed,20.36248762974899,7.539067524115755,933,7.120734542356677,7.985067560015158,9.925925925925926,108,8.61111111111111,11.574074074074074,19.391304347826086,46,16.82608695652174,21.97826086956522,26.289473684210527,38,21.689283248320496,31.394736842105264,38.666666666666664,30,31.066666666666666,46.3,9.65969696969697,14.048772419450266,3.0804761904761904,4.9,0.5151515151515151,0.638961038961039,0.0017316017316017316,0.7001332397049469,7.046391650686785e-171,1155,9.091046013714005,10.283658652847725,BCa,18.44653360923942,22.3625472624302,BCa,18.439274003701517,22.33238389577789,BCa,0,7.057824222936763,6.605287205739605,7.538090693693875,BCa,-3.6666666666666665,-5.833333333333333,-1.2741133078757567,BCa,-13.782608695652174,-18.043478260869566,-8.391304347826088,BCa,-22.55263157894737,-28.710526315789473,-15.526315789473685,BCa,-38.0,-45.86666666666667,-29.839122192459218,BCa
Gemma-3-27B,Detailed,21.249099771112544,9.029421221864952,933,8.66842584001638,9.423514056266729,9.018518518518519,108,7.851851851851852,10.36111111111111,20.47826086956522,46,17.369565217391305,23.956521739130434,25.05263157894737,38,19.210526315789473,31.44736842105263,42.666666666666664,30,34.25682648418815,50.333333333333336,10.885238095238096,14.875097511412353,4.304718614718615,5.0,0.4406926406926407,0.5757575757575758,0.0017316017316017316,0.715519394518596,8.06110759912513e-182,1155,10.329030182075577,11.494051377996401,BCa,19.103317787108004,23.387064838497537,BCa,19.140086013578582,23.383331169486752,BCa,0,8.733065380493032,8.334381552527633,9.156144270285242,BCa,-2.4074074074074074,-4.537037037037037,-0.3055555555555556,BCa,-16.17391304347826,-20.858858848316842,-11.067187847899612,BCa,-23.473684210526315,-30.18421052631579,-16.92105263157895,BCa,-42.666666666666664,-50.36666666666667,-34.12105629377541,BCa
Llama-4-Maverick,Detailed,30.0386919132337,3.212486602357985,933,2.926353667375673,3.5271498740229017,16.87037037037037,108,14.717592592592593,19.189814814814813,32.391304347826086,46,26.804347826086957,38.15217391304348,38.05263157894737,38,31.473684210526315,45.15828555609024,59.666666666666664,30,48.86666666666667,69.46364424795836,8.264285714285714,17.31369193937066,-5.524112554112555,-0.1,0.6883116883116883,0.7922077922077922,0.48744588744588746,0.5943765828832545,2.9700417459306733e-111,1155,7.438520969240936,9.189387505195583,BCa,27.28444321302539,32.807310180874865,BCa,27.265477059333087,32.73865659210439,BCa,0,-0.008949624866023605,-0.3714165104888182,0.3562248027293363,BCa,-15.518518518518519,-18.01388888888889,-12.93236979551002,BCa,-32.17391304347826,-38.06521739130435,-26.32608695652174,BCa,-37.526315789473685,-44.973684210526315,-30.5,BCa,-59.666666666666664,-69.46666666666667,-49.2,BCa
Llama-4-Scout,Detailed,32.02873673963868,3.7618971061093247,933,3.4483053480294874,4.130314865291879,20.48148148148148,108,18.37962962962963,22.453703703703702,35.06521739130435,46,29.456521739130434,40.08695652173913,38.86842105263158,38,30.894736842105264,46.974352815484195,61.96666666666667,30,48.96666666666667,72.96666666666667,9.238831168831167,18.60598859744657,-5.048528138528138,0.0,0.6614718614718614,0.7523809523809524,0.47878787878787876,0.5262760346018461,2.8417296874154178e-83,1155,8.373653540654113,10.25129041555267,BCa,28.68003978560486,35.00598743096423,BCa,28.782956518517825,35.00381844182654,BCa,0,0.917416934619507,0.5234019912013073,1.3356760552046796,BCa,-18.09259259259259,-20.65740740740741,-15.185185185185185,BCa,-35.06521739130435,-40.17391304347826,-29.565217391304348,BCa,-34.13157894736842,-43.55263157894737,-23.877656936783893,BCa,-60.766666666666666,-72.41727708920054,-46.43333333333333,BCa
