question_id,configuration,selection_metric,combination,model_level,prompt_level,n_members,is_own_arm,overall_mae,balanced_mae,mean_bias,mae_bin_0-20,n_bin_0-20,mae_bin_0-20_repeat_median,mae_bin_0-20_repeat_min,mae_bin_0-20_repeat_max,mae_bin_20-40,n_bin_20-40,mae_bin_20-40_repeat_median,mae_bin_20-40_repeat_min,mae_bin_20-40_repeat_max,mae_bin_40-60,n_bin_40-60,mae_bin_40-60_repeat_median,mae_bin_40-60_repeat_min,mae_bin_40-60_repeat_max,mae_bin_60-80,n_bin_60-80,mae_bin_60-80_repeat_median,mae_bin_60-80_repeat_min,mae_bin_60-80_repeat_max,mae_bin_80-100,n_bin_80-100,mae_bin_80-100_repeat_median,mae_bin_80-100_repeat_min,mae_bin_80-100_repeat_max,repeat_median_balanced_mae,repeat_min_balanced_mae,repeat_max_balanced_mae,repeat_median_overall_mae,repeat_min_overall_mae,repeat_max_overall_mae,balanced_mae_median_rank,balanced_mae_best_rank,balanced_mae_worst_rank,balanced_mae_share_ranked_first,overall_mae_median_rank,overall_mae_best_rank,overall_mae_worst_rank,overall_mae_share_ranked_first,balanced_mae_interval_uncorrected,no_bootstrap,no_pairwise_test,is_ensemble,overall_mae_offarm,balanced_mae_offarm,c1_serving_confounded,c1_serving_confounded_always,c1_serving_confounded_share_of_folds
Q2,Llama-4-Maverick x top2P,MAE_b,mean,Llama-4-Maverick,top2P,2,False,5.876413852813853,10.794282460800398,2.68404329004329,4.558818863879952,933,4.551822079314036,4.5124866023579795,4.648070739549835,9.823333333333334,108,9.69212962962963,9.530092592592593,10.36111111111111,11.654347826086955,46,11.521739130434783,11.141304347826088,12.293478260869565,12.35157894736842,38,12.217105263157894,11.81578947368421,13.105263157894736,15.583333333333332,30,15.483333333333333,15.066666666666666,16.45,10.779400521435,10.678779844414304,11.121953558111224,5.878484848484848,5.813333333333333,6.015844155844155,1.0,1.0,2.0,0.54,,,,,False,True,True,True,5.876413852813853,,False,False,0.0
Q2,Llama-4-Maverick x top3P,MAE_b,mean,Llama-4-Maverick,top3P,3,False,5.955396825396825,10.795470605489388,2.7936075036075043,4.67897463379778,933,4.678974633797779,4.678974633797779,4.678974633797779,9.604938271604935,108,9.604938271604935,9.604938271604935,9.604938271604935,11.514492753623182,46,11.514492753623186,11.514492753623186,11.514492753623186,12.578947368421051,38,12.578947368421053,12.578947368421053,12.578947368421053,15.599999999999998,30,15.599999999999998,15.599999999999998,15.599999999999998,10.79547060548939,10.79547060548939,10.79547060548939,5.955396825396826,5.955396825396826,5.955396825396826,2.0,1.0,2.0,0.46,,,,,False,True,True,True,5.955396825396825,,False,False,0.0
Q2,all6M@own,MAE_b,mean,all6M,@own,6,True,7.2466721500721505,11.546707612685761,4.433666666666666,6.287538049303318,933,6.3016702393712,6.027098963915674,6.450553769203282,8.558734567901233,108,8.564429012345677,8.2554012345679,8.891975308641975,11.196739130434786,46,11.15217391304348,10.82608695652174,11.673913043478262,14.190526315789475,38,14.175438596491226,13.811403508771928,14.688596491228072,17.499999999999996,30,17.47222222222222,16.916666666666664,18.194444444444446,11.53603029638459,11.407494886890245,11.773685931701483,7.255303030303031,7.04050505050505,7.381414141414141,5.0,5.0,7.0,0.0,,,,,False,True,True,True,7.2466721500721505,,True,True,1.0
Q2,all6M x Short,MAE_b,mean,all6M,Short,6,False,6.522265512265513,11.630065561353815,3.3169841269841265,5.385905680600205,933,5.385905680600205,5.385905680600205,5.385905680600205,7.827160493827158,108,7.82716049382716,7.82716049382716,7.82716049382716,11.985507246376807,46,11.98550724637681,11.98550724637681,11.98550724637681,15.368421052631577,38,15.368421052631579,15.368421052631579,15.368421052631579,17.58333333333333,30,17.58333333333333,17.58333333333333,17.58333333333333,11.630065561353817,11.630065561353817,11.630065561353817,6.522265512265513,6.522265512265513,6.522265512265513,6.0,5.0,7.0,0.0,,,,,False,True,True,True,6.522265512265513,,True,True,1.0
Q2,Qwen-2.5 x top2P,MAE_b,mean,Qwen-2.5,top2P,2,False,6.922435497835498,11.785307836404469,3.3087229437229437,5.783229367631292,933,5.768033226152193,5.559163987138261,5.901875669882096,8.653611111111111,108,8.68287037037037,8.152777777777779,8.833333333333334,11.944347826086958,46,11.91304347826087,11.26086956521739,12.347826086956522,17.408684210526317,38,17.407894736842106,16.94736842105263,18.473684210526315,15.136666666666665,30,15.083333333333334,14.666666666666666,16.083333333333332,11.778930738040092,11.645050106431711,12.030647940353546,6.920519480519481,6.749523809523811,7.002987012987013,8.0,6.0,15.0,0.0,,,,,False,True,True,True,6.922435497835498,,False,False,0.0
Q2,all6M x top3P,MAE_b,mean,all6M,top3P,18,False,6.934063492063493,11.798574435068932,3.80122077922078,5.909366440395376,933,5.909366440395376,5.909366440395376,5.909366440395376,7.90317901234568,108,7.90317901234568,7.90317901234568,7.90317901234568,10.46497584541063,46,10.464975845410628,10.464975845410628,10.464975845410628,14.876461988304088,38,14.87646198830409,14.87646198830409,14.87646198830409,19.838888888888885,30,19.838888888888885,19.838888888888885,19.838888888888885,11.798574435068932,11.798574435068932,11.798574435068932,6.934063492063492,6.934063492063492,6.934063492063492,9.0,8.0,11.0,0.0,,,,,False,True,True,True,6.934063492063493,,True,True,1.0
Q2,all6M x top2P,MAE_b,mean,all6M,top2P,12,False,7.024889062049061,11.831063247955868,3.8983571717171714,6.022868167202566,933,5.988710253662013,5.848481600571619,6.123740621650582,7.767207098765434,108,7.767746913580249,7.635802469135805,8.036095679012348,10.856195652173913,46,10.885869565217392,10.518115942028986,11.134057971014494,15.112017543859647,38,15.064144736842106,14.836622807017543,15.532894736842103,19.39702777777778,30,19.28263888888889,19.16666666666667,20.018055555555556,11.82439518474734,11.771339354857492,11.993258875872545,7.024595238095238,6.899321789321789,7.111226551226552,10.0,9.0,13.0,0.0,,,,,False,True,True,True,7.024889062049061,,True,True,1.0
Q2,all6M x Point-Hint,MAE_b,mean,all6M,Point-Hint,6,False,6.733561327561329,11.987899498540528,3.4665194805194806,5.576062879599845,933,5.576062879599846,5.576062879599846,5.576062879599846,8.545185185185186,108,8.545185185185186,8.545185185185186,8.545185185185186,10.03623188405797,46,10.03623188405797,10.03623188405797,10.03623188405797,14.598684210526319,38,14.598684210526319,14.598684210526319,14.598684210526319,21.183333333333326,30,21.183333333333326,21.183333333333326,21.183333333333326,11.987899498540528,11.987899498540528,11.987899498540528,6.733561327561328,6.733561327561328,6.733561327561328,12.0,11.0,15.0,0.0,,,,,False,True,True,True,6.733561327561329,,True,True,1.0
Q2,top3M@own,MAE_b,mean,top3M,@own,3,True,7.159519769119769,11.991249358398402,3.955281385281385,6.112435155412643,933,6.074705251875665,5.6134512325830626,6.640353697749184,8.307314814814815,108,8.310185185185185,7.407407407407407,9.132716049382717,11.242028985507247,46,11.242753623188406,9.949275362318843,12.23913043478261,15.398245614035089,38,15.381578947368421,13.780701754385968,16.54385964912281,18.89622222222222,30,18.916666666666668,16.944444444444446,20.333333333333325,11.99994231644606,11.373052766565953,12.38237762578568,7.138152958152958,6.7319047619047625,7.623477633477633,13.0,4.0,20.0,0.0,,,,,False,True,True,True,7.159519769119769,,True,False,0.408
Q2,Qwen-2.5 x top3P,MAE_b,mean,Qwen-2.5,top3P,3,False,6.665959595959595,12.083017947003881,2.808470418470419,5.442140050017864,933,5.442140050017864,5.442140050017864,5.442140050017864,8.135802469135804,108,8.135802469135806,8.135802469135806,8.135802469135806,11.89855072463768,46,11.898550724637682,11.898550724637682,11.898550724637682,18.438596491228065,38,18.438596491228065,18.438596491228065,18.438596491228065,16.500000000000004,30,16.500000000000004,16.500000000000004,16.500000000000004,12.083017947003885,12.083017947003885,12.083017947003885,6.665959595959596,6.665959595959596,6.665959595959596,16.0,14.0,21.0,0.0,,,,,False,True,True,True,6.665959595959595,,False,False,0.0
Q2,top2M x Grid-Overlay,MAE_b,mean,top2M,Grid-Overlay,2,False,7.062095238095237,12.125985100350482,3.5001731601731603,6.045798499464087,933,5.954072883172556,5.758949624866018,6.578403001071798,7.1675,108,7.027777777777778,7.027777777777778,7.62037037037037,11.481521739130436,46,11.543478260869565,10.576086956521738,12.41304347826087,16.962105263157888,38,16.81578947368421,16.5,17.855263157894736,18.973000000000003,30,18.666666666666668,17.666666666666668,21.0,12.001557012434157,12.001557012434157,12.506650545893446,6.964632034632034,6.848571428571428,7.525844155844155,14.5,13.0,25.0,0.0,,,,,False,True,True,True,7.062095238095237,,True,False,0.032
Q2,all6M x Grid-Overlay,MAE_b,mean,all6M,Grid-Overlay,6,False,7.691010101010102,12.126516493849687,4.620158730158729,6.838728117184706,933,6.838728117184707,6.838728117184707,6.838728117184707,7.766203703703707,108,7.766203703703706,7.766203703703706,7.766203703703706,10.097826086956518,46,10.09782608695652,10.09782608695652,10.09782608695652,15.179824561403507,38,15.179824561403507,15.179824561403507,15.179824561403507,20.749999999999996,30,20.749999999999996,20.749999999999996,20.749999999999996,12.126516493849687,12.126516493849687,12.126516493849687,7.691010101010103,7.691010101010103,7.691010101010103,18.0,15.0,22.0,0.0,,,,,False,True,True,True,7.691010101010102,,True,True,1.0
Q2,top2M@own,MAE_b,mean,top2M,@own,2,True,7.025621645021643,12.131152484610254,3.461692640692641,5.9803247588424355,933,5.954072883172556,5.692015005359054,6.550214362272226,7.341851851851852,108,7.074074074074074,6.888888888888889,8.23611111111111,11.630217391304347,46,11.543478260869565,10.619565217391305,13.304347826086957,16.992368421052632,38,16.81578947368421,15.894736842105264,18.07894736842105,18.711000000000002,30,18.666666666666668,17.416666666666668,19.833333333333332,12.12116309927622,11.891271137479904,12.557702139180686,6.964632034632034,6.846796536796536,7.525844155844155,17.0,12.0,24.0,0.0,,,,,False,True,True,True,7.025621645021643,,True,False,0.032
Q2,Llama-4-Scout x top3P,MAE_b,mean,Llama-4-Scout,top3P,3,False,6.457699855699856,12.168183359499555,3.20148051948052,4.807306180778848,933,4.8073061807788475,4.8073061807788475,4.8073061807788475,12.190679012345674,108,12.190679012345676,12.190679012345676,12.190679012345676,13.40579710144927,46,13.405797101449272,13.405797101449272,13.405797101449272,15.881578947368423,38,15.881578947368421,15.881578947368421,15.881578947368421,14.555555555555554,30,14.555555555555554,14.555555555555554,14.555555555555554,12.168183359499555,12.168183359499555,12.168183359499555,6.457699855699856,6.457699855699856,6.457699855699856,19.0,16.0,23.0,0.0,,,,,False,True,True,True,6.457699855699856,,False,False,0.0
Q2,Llama-4-Scout x top2P,MAE_b,mean,Llama-4-Scout,top2P,2,False,6.232512727272727,12.22659043628963,2.753913593073593,4.548003215434078,933,4.544560557341902,4.453483386923897,4.763451232583059,11.373612962962964,108,11.26388888888889,10.99537037037037,12.600833333333332,14.648695652173915,46,14.869565217391305,13.771739130434783,15.315217391304348,17.024473684210527,38,16.973684210526315,16.480263157894736,18.289473684210527,13.538166666666669,30,13.337499999999999,12.866666666666667,15.225,12.194385656967494,12.053263021772239,12.697308028447555,6.217056277056276,6.115670995670994,6.526787878787879,19.0,14.0,27.0,0.0,,,,,False,True,True,True,6.232512727272727,,False,False,0.0
Q2,top3M x top2P,MAE_b,mean,top3M,top2P,6,False,6.945019336219336,12.358141910576649,3.3824675324675333,5.841715612718823,933,5.848758485173261,5.413665594855297,6.5401393354769555,7.3828703703703695,108,7.388117283950619,6.702160493827161,8.060185185185185,11.337246376811592,46,11.40942028985507,10.376811594202897,12.206521739130435,16.930877192982457,38,16.879385964912284,16.048245614035093,18.092105263157894,20.298000000000002,30,20.24444444444445,18.694444444444446,21.383333333333333,12.353599647207915,11.9789234740859,12.77287491596241,6.940180375180375,6.55031746031746,7.535310245310247,22.0,13.0,28.0,0.0,,,,,False,True,True,True,6.945019336219336,,True,False,0.408
Q2,top3M x top3P,MAE_b,mean,top3M,top3P,9,False,6.759608465608466,12.39706351048395,3.111159211159211,5.597143027271646,933,5.581636298678099,5.252798618554255,6.096409431939983,7.390349794238682,108,7.377829218106994,6.843621399176953,8.001028806584365,11.314202898550725,46,11.357487922705316,10.468599033816428,12.10144927536232,17.011695906432752,38,17.03216374269006,16.248538011695906,17.92982456140351,20.67192592592593,30,20.666666666666668,19.28518518518518,21.903703703703705,12.38697878233182,11.986256797154411,12.812336196462837,6.753997113997114,6.425728715728716,7.205921115921116,22.5,14.0,27.0,0.0,,,,,False,True,True,True,6.759608465608466,,True,False,0.408
Q2,top3M x Grid-Overlay,MAE_b,mean,top3M,Grid-Overlay,3,False,7.457964213564213,12.40586871376369,4.078444444444444,6.494550196498746,933,6.477920685959265,5.935887817077522,7.291300464451581,7.517962962962963,108,7.517746913580249,7.052469135802469,7.936728395061728,10.576666666666668,46,10.608695652173912,9.7536231884058,11.456521739130437,16.607719298245616,38,16.609649122807014,15.833333333333332,17.289473684210527,20.832444444444445,30,21.0,19.522222222222226,22.488888888888887,12.402933295344392,11.990093985838355,12.804327973186457,7.437965367965369,6.962698412698413,8.142236652236651,23.5,13.0,28.0,0.0,,,,,False,True,True,True,7.457964213564213,,True,False,0.408
Q2,top3M x Short,MAE_b,mean,top3M,Short,3,False,6.70670533910534,12.432518726304036,2.965324675324675,5.481384065737761,933,5.466952483029654,5.160896748838874,5.936530903894247,7.6332716049382725,108,7.592592592592595,7.003086419753091,8.672839506172842,12.31840579710145,46,12.347826086956522,11.108695652173916,13.731884057971016,17.39842105263158,38,17.5,15.719298245614036,18.70175438596491,19.331111111111113,30,19.388888888888886,17.777777777777775,20.500000000000004,12.405628294112162,11.892004088307663,12.961348992552734,6.695468975468975,6.412222222222223,7.112077922077923,23.0,11.0,28.0,0.0,,,,,False,True,True,True,6.70670533910534,,True,False,0.408
Q2,Qwen-2.5 x all4P,MAE_b,mean,Qwen-2.5,all4P,4,False,6.354740259740259,12.449435281724513,2.25547619047619,5.025160771704179,933,5.025160771704179,5.025160771704179,5.025160771704179,7.4375,108,7.4375,7.4375,7.4375,12.315217391304348,46,12.315217391304348,12.315217391304348,12.315217391304348,19.67763157894737,38,19.67763157894737,19.67763157894737,19.67763157894737,17.791666666666668,30,17.791666666666668,17.791666666666668,17.791666666666668,12.449435281724513,12.449435281724513,12.449435281724513,6.35474025974026,6.35474025974026,6.35474025974026,24.0,20.0,26.0,0.0,,,,,False,True,True,True,6.354740259740259,,False,False,0.0
Q2,top2M x top2P,MAE_b,mean,top2M,top2P,4,False,6.709277922077922,12.569305680790976,2.718930735930736,5.525220793140404,933,5.4859458735262585,5.2551714898177915,6.012808145766339,6.801851851851852,108,6.621527777777778,6.416666666666667,7.597222222222222,12.070543478260868,46,12.032608695652174,11.065217391304348,13.157608695652174,18.85907894736842,38,18.80592105263158,18.06578947368421,19.38157894736842,19.58983333333333,30,19.583333333333332,17.875,21.141666666666666,12.570793521931801,12.21589846842435,13.071721252604926,6.646893939393939,6.508268398268398,7.09638528138528,25.5,19.0,29.0,0.0,,,,,False,True,True,True,6.709277922077922,,True,False,0.032
Q2,top2M x top3P,MAE_b,mean,top2M,top3P,6,False,6.508839538239538,12.66760029682607,2.3664689754689756,5.25302572347266,933,5.174633797784914,5.070257234726679,5.655627009646293,6.79259259259259,108,6.584876543209875,6.53858024691358,7.41049382716049,11.953985507246378,46,11.999999999999998,11.01449275362319,12.681159420289854,19.125175438596496,38,19.18421052631579,18.175438596491226,19.789473684210527,20.213222222222225,30,20.16666666666667,18.916666666666668,21.44444444444445,12.62207750679545,12.428344324872844,13.008594647192927,6.428658008658008,6.339437229437229,6.863376623376623,27.0,22.0,29.0,0.0,,,,,False,True,True,True,6.508839538239538,,True,False,0.032
Q2,top3M x Point-Hint,MAE_b,mean,top3M,Point-Hint,3,False,6.366801731601733,12.751064454097014,2.289708513708514,4.994279385494815,933,5.007002500893175,4.723097534833863,5.377759914255085,7.7675925925925915,108,7.786265432098766,7.1867283950617304,8.436728395061728,11.52,46,11.554347826086955,10.695652173913045,12.384057971014492,17.621228070175437,38,17.649122807017548,16.7280701754386,18.52631578947369,21.85222222222222,30,21.805555555555557,20.55555555555555,22.944444444444443,12.750710244441846,12.287556216047154,13.087430108115871,6.363419913419913,6.092972582972583,6.726796536796536,29.0,25.0,30.0,0.0,,,,,False,True,True,True,6.366801731601733,,True,False,0.408
Q2,top2M x Short,MAE_b,mean,top2M,Short,2,False,6.655109956709956,13.121137771417219,2.2507186147186147,5.31245659163987,933,5.249892818863879,5.131243301178991,5.702518756698816,6.989166666666668,108,6.712962962962963,6.583333333333333,7.912037037037037,13.311521739130432,46,13.369565217391305,12.445652173913043,14.021739130434783,20.39921052631579,38,20.63157894736842,19.31578947368421,21.289473684210527,19.593333333333334,30,19.75,18.083333333333332,20.666666666666668,13.142799989317314,12.707828267096591,13.535997837846088,6.592770562770562,6.49017316017316,6.946709956709956,30.0,29.0,34.0,0.0,,,,,False,True,True,True,6.655109956709956,,True,False,0.032
Q2,top2M x Point-Hint,MAE_b,mean,top2M,Point-Hint,2,False,6.140818181818181,13.249101637039924,1.3485151515151514,4.642224008574493,933,4.5647374062165085,4.522025723472671,5.05273311897106,7.142037037037037,108,6.958333333333333,6.851851851851852,7.888888888888889,12.15282608695652,46,12.173913043478262,11.304347826086957,12.793478260869565,20.228421052631578,38,20.236842105263158,19.38157894736842,21.039473684210527,22.079999999999995,30,22.083333333333332,20.75,23.333333333333332,13.20343184432492,12.97012282364111,13.66140858849829,6.062251082251082,6.008051948051947,6.528961038961039,31.0,31.0,38.0,0.0,,,,,False,True,True,True,6.140818181818181,,True,False,0.032
Q2,all6M x all4P,MAE_b,mean,all6M,all4P,24,False,6.831341269841271,13.317231851889545,2.8767236652236647,5.611178099321176,933,5.611178099321175,5.611178099321175,5.611178099321175,6.455547839506169,108,6.4555478395061705,6.4555478395061705,6.4555478395061705,11.401268115942033,46,11.401268115942033,11.401268115942033,11.401268115942033,17.47094298245614,38,17.470942982456144,17.470942982456144,17.470942982456144,25.64722222222222,30,25.647222222222222,25.647222222222222,25.647222222222222,13.317231851889549,13.317231851889549,13.317231851889549,6.83134126984127,6.83134126984127,6.83134126984127,33.0,30.0,34.0,0.0,,,,,False,True,True,True,6.831341269841271,,True,True,1.0
Q2,top2M x all4P,MAE_b,mean,top2M,all4P,8,False,6.611355627705628,13.35539183422065,2.2120616883116884,5.297855841371918,933,5.265769024651662,5.002518756698821,5.591693461950694,6.295914351851851,108,6.174768518518518,6.082175925925926,6.751157407407407,12.059456521739133,46,12.078804347826088,11.331521739130435,12.706521739130435,20.601315789473684,38,20.56578947368421,19.661184210526315,21.30263157894737,22.52241666666667,30,22.291666666666668,22.104166666666668,23.416666666666668,13.27535960626943,13.27535960626943,13.719742280192147,6.56771645021645,6.386991341991341,6.884458874458874,32.0,32.0,38.0,0.0,,,,,False,True,True,True,6.611355627705628,,True,False,0.032
Q2,Llama-4-Maverick x all4P,MAE_b,mean,Llama-4-Maverick,all4P,4,False,5.55508658008658,13.459165979241252,0.7141774891774891,3.825160771704177,933,3.8251607717041765,3.8251607717041765,3.8251607717041765,7.814814814814817,108,7.814814814814815,7.814814814814815,7.814814814814815,12.657608695652172,46,12.657608695652174,12.657608695652174,12.657608695652174,16.381578947368425,38,16.38157894736842,16.38157894736842,16.38157894736842,26.616666666666664,30,26.616666666666667,26.616666666666667,26.616666666666667,13.459165979241249,13.459165979241249,13.459165979241249,5.55508658008658,5.55508658008658,5.55508658008658,36.0,33.0,37.0,0.0,,,,,False,True,True,True,5.55508658008658,,False,False,0.0
Q2,top3M x all4P,MAE_b,mean,top3M,all4P,12,False,6.788109668109668,13.506125260179275,2.6257708513708513,5.495369774919608,933,5.494658806716679,5.109485530546618,6.072338335119678,6.517453703703705,108,6.525077160493828,6.107638888888887,6.925925925925927,11.845978260869565,46,11.86141304347826,11.02717391304348,12.610507246376814,19.266491228070173,38,19.276315789473678,18.660087719298243,19.88815789473684,24.405333333333328,30,24.438888888888886,23.741666666666664,25.019444444444442,13.486351120176405,13.259808578365178,13.74656564204171,6.78809163059163,6.463939393939394,7.261681096681097,37.0,32.0,38.0,0.0,,,,,False,True,True,True,6.788109668109668,,True,False,0.408
Q2,Gemma-3-12B x top3P,MAE_b,mean,Gemma-3-12B,top3P,3,False,9.406738816738816,13.960635440883816,6.100822510822512,8.34917827795641,933,8.34917827795641,8.34917827795641,8.34917827795641,12.006172839506167,108,12.006172839506169,12.006172839506169,12.006172839506169,11.34782608695652,46,11.347826086956522,11.347826086956522,11.347826086956522,14.16666666666666,38,14.166666666666664,14.166666666666664,14.166666666666664,23.933333333333334,30,23.93333333333333,23.93333333333333,23.93333333333333,13.960635440883816,13.960635440883816,13.960635440883816,9.406738816738816,9.406738816738816,9.406738816738816,41.0,41.0,41.0,0.0,,,,,False,True,True,True,9.406738816738816,,False,False,0.0
Q2,Gemma-3-27B x top3P,MAE_b,mean,Gemma-3-27B,top3P,3,False,9.847287157287157,14.193193131250695,6.23978354978355,9.218953197570537,933,9.218953197570537,9.218953197570537,9.218953197570537,7.500000000000001,108,7.500000000000001,7.500000000000001,7.500000000000001,12.507246376811597,46,12.507246376811596,12.507246376811596,12.507246376811596,16.850877192982455,38,16.850877192982455,16.850877192982455,16.850877192982455,24.888888888888893,30,24.888888888888893,24.888888888888893,24.888888888888893,14.193193131250695,14.193193131250695,14.193193131250695,9.847287157287157,9.847287157287157,9.847287157287157,44.0,43.0,45.0,0.0,,,,,False,True,True,True,9.847287157287157,,False,False,0.0
Q2,Gemma-3-12B x top2P,MAE_b,mean,Gemma-3-12B,top2P,2,False,9.802722943722944,14.234572501675299,6.530168831168831,8.804206859592693,933,8.761870310825275,8.502090032154321,8.982261521972115,12.007037037037039,108,11.95138888888889,11.36574074074074,12.782407407407407,11.443478260869565,46,11.347826086956522,11.021739130434783,12.217391304347826,14.639473684210525,38,14.447368421052632,13.81578947368421,15.5,24.278666666666663,30,24.4,23.233333333333334,25.066666666666666,14.175789112598505,14.059563726720526,14.596376863372527,9.790541125541125,9.603852813852814,9.916839826839828,43.0,43.0,52.0,0.0,,,,,False,True,True,True,9.802722943722944,,False,False,0.0
Q2,Gemma-3-27B x top2P,MAE_b,mean,Gemma-3-27B,top2P,2,False,9.872476190476192,14.270907301125579,6.236432900432901,9.23471596998926,933,9.313719185423343,8.709485530546605,9.663933547695581,7.410648148148149,108,7.388888888888889,6.99537037037037,8.01388888888889,13.024347826086958,46,12.951086956521738,12.543478260869565,13.576086956521738,17.08815789473684,38,17.026315789473685,16.43421052631579,17.68421052631579,24.59666666666667,30,24.5,24.166666666666668,25.5,14.251616143283162,14.122425750560904,14.520688553637845,9.964242424242425,9.441948051948053,10.202987012987014,45.0,43.0,51.0,0.0,,,,,False,True,True,True,9.872476190476192,,False,False,0.0
Q2,Mistral-Small-3.2 x top3P,MAE_b,mean,Mistral-Small-3.2,top3P,3,False,6.8125108225108235,14.314199920842745,1.6631601731601737,5.251643444087172,933,5.251643444087171,5.251643444087171,5.251643444087171,7.478395061728395,108,7.478395061728396,7.478395061728396,7.478395061728396,14.463768115942026,46,14.463768115942026,14.463768115942026,14.463768115942026,20.5438596491228,38,20.5438596491228,20.5438596491228,20.5438596491228,23.83333333333333,30,23.833333333333332,23.833333333333332,23.833333333333332,14.314199920842745,14.314199920842745,14.314199920842745,6.8125108225108235,6.8125108225108235,6.8125108225108235,47.0,45.0,47.0,0.0,,,,,False,True,True,True,6.8125108225108235,,False,False,0.0
Q2,Llama-4-Scout x all4P,MAE_b,mean,Llama-4-Scout,all4P,4,False,6.091922077922077,14.50681653038066,1.138978354978355,4.1094319399785615,933,4.1094319399785615,4.1094319399785615,4.1094319399785615,10.064305555555556,108,10.064305555555555,10.064305555555555,10.064305555555555,13.570652173913043,46,13.570652173913043,13.570652173913043,13.570652173913043,18.398026315789476,38,18.398026315789473,18.398026315789473,18.398026315789473,26.391666666666662,30,26.391666666666666,26.391666666666666,26.391666666666666,14.50681653038066,14.50681653038066,14.50681653038066,6.091922077922078,6.091922077922078,6.091922077922078,51.0,50.0,52.0,0.0,,,,,False,True,True,True,6.091922077922077,,False,False,0.0
Q2,Mistral-Small-3.2 x top2P,MAE_b,mean,Mistral-Small-3.2,top2P,2,False,7.022229437229436,14.588357202460617,1.8768614718614716,5.47698285101822,933,5.461146838156484,5.332583065380491,5.560503751339763,7.2837962962962965,108,7.2407407407407405,7.074074074074074,7.518518518518518,14.790217391304346,46,14.717391304347826,14.5,15.152173913043478,21.490789473684213,38,21.55263157894737,20.763157894736842,22.013157894736842,23.9,30,23.833333333333332,23.5,24.916666666666668,14.554994215815881,14.391294466341227,14.83617882626164,7.022554112554113,6.908138528138528,7.076580086580085,52.0,49.0,54.0,0.0,,,,,False,True,True,True,7.022229437229436,,False,False,0.0
Q2,Gemma-3-12B x all4P,MAE_b,mean,Gemma-3-12B,all4P,4,False,9.20352813852814,14.813094045247166,5.3457359307359305,8.084217577706305,933,8.084217577706305,8.084217577706305,8.084217577706305,10.064814814814817,108,10.064814814814815,10.064814814814815,10.064814814814815,12.076086956521738,46,12.076086956521738,12.076086956521738,12.076086956521738,16.223684210526315,38,16.223684210526315,16.223684210526315,16.223684210526315,27.616666666666664,30,27.616666666666667,27.616666666666667,27.616666666666667,14.813094045247169,14.813094045247169,14.813094045247169,9.203528138528139,9.203528138528139,9.203528138528139,54.0,53.0,54.0,0.0,,,,,False,True,True,True,9.20352813852814,,False,False,0.0
Q2,Mistral-Small-3.2 x all4P,MAE_b,mean,Mistral-Small-3.2,all4P,4,False,7.3509090909090915,15.1286722020423,2.0499567099567098,5.830707395498388,933,5.830707395498387,5.830707395498387,5.830707395498387,7.134259259259259,108,7.1342592592592595,7.1342592592592595,7.1342592592592595,14.03804347826087,46,14.03804347826087,14.03804347826087,14.03804347826087,21.84868421052631,38,21.848684210526315,21.848684210526315,21.848684210526315,26.79166666666667,30,26.791666666666668,26.791666666666668,26.791666666666668,15.1286722020423,15.1286722020423,15.1286722020423,7.350909090909091,7.350909090909091,7.350909090909091,55.0,55.0,55.0,0.0,,,,,False,True,True,True,7.3509090909090915,,False,False,0.0
Q2,Gemma-3-27B x all4P,MAE_b,mean,Gemma-3-27B,all4P,4,False,9.943030303030303,15.578555602701082,5.756017316017317,9.117309753483369,933,9.117309753483369,9.117309753483369,9.117309753483369,6.9675925925925934,108,6.967592592592593,6.967592592592593,6.967592592592593,13.90217391304348,46,13.902173913043478,13.902173913043478,13.902173913043478,18.57236842105263,38,18.57236842105263,18.57236842105263,18.57236842105263,29.33333333333333,30,29.333333333333332,29.333333333333332,29.333333333333332,15.578555602701082,15.578555602701082,15.578555602701082,9.943030303030303,9.943030303030303,9.943030303030303,56.0,56.0,56.0,0.0,,,,,False,True,True,True,9.943030303030303,,False,False,0.0
Q2,top2M x Detailed,MAE_b,mean,top2M,Detailed,2,False,7.2980831168831175,16.189618074028836,1.7488398268398269,5.641919614147906,933,5.727706323687028,5.135959271168276,5.847749196141474,6.035324074074074,108,5.787037037037037,5.787037037037037,7.523148148148148,14.608478260869568,46,14.228260869565217,14.065217391304348,16.565217391304348,25.21236842105263,38,24.710526315789473,24.710526315789473,27.57894736842105,29.45,30,28.666666666666668,28.5,32.833333333333336,15.824039442549084,15.824039442549084,17.597470591954355,7.292164502164502,7.099870129870129,7.506883116883118,58.0,58.0,59.0,0.0,,,,,False,True,True,True,7.2980831168831175,,True,False,0.032
Q2,top3M x Detailed,MAE_b,mean,top3M,Detailed,3,False,7.542732467532468,18.506091385912317,1.169605772005772,5.405919256877448,933,5.410092890317961,4.863576277241868,6.138567345480517,7.1770370370370395,108,7.204475308641976,6.560185185185189,7.8317901234567895,17.481594202898552,46,17.456521739130437,15.297101449275361,19.23913043478261,26.86035087719298,38,26.956140350877185,24.92105263157895,28.29824561403508,35.60555555555556,30,35.41666666666667,32.333333333333336,38.11111111111111,18.469562620299442,17.06825786551388,19.275825176657204,7.535526695526695,7.226161616161616,7.849595959595959,60.0,60.0,61.0,0.0,,,,,False,True,True,True,7.542732467532468,,True,False,0.408
Q2,all6M x Detailed,MAE_b,mean,all6M,Detailed,6,False,7.753737373737372,21.312672360284132,0.10323232323232304,4.972204358699536,933,4.972204358699536,4.972204358699536,4.972204358699536,9.021604938271606,108,9.021604938271606,9.021604938271606,9.021604938271606,21.137681159420286,46,21.13768115942029,21.13768115942029,21.13768115942029,28.359649122807024,38,28.359649122807024,28.359649122807024,28.359649122807024,43.07222222222221,30,43.072222222222216,43.072222222222216,43.072222222222216,21.312672360284136,21.312672360284136,21.312672360284136,7.753737373737373,7.753737373737373,7.753737373737373,64.0,64.0,64.0,0.0,,,,,False,True,True,True,7.753737373737372,,True,True,1.0
Q2,top2M x Short,MAE_o,mean,top2M,Short,2,False,6.065844155844156,10.755633980644172,3.01987012987013,4.8205251875669894,933,4.820525187566989,4.820525187566989,4.820525187566989,9.481481481481481,108,9.481481481481481,9.481481481481481,9.481481481481481,11.967391304347828,46,11.967391304347826,11.967391304347826,11.967391304347826,13.592105263157896,38,13.592105263157896,13.592105263157896,13.592105263157896,13.916666666666664,30,13.916666666666666,13.916666666666666,13.916666666666666,10.755633980644172,10.755633980644172,10.755633980644172,6.065844155844156,6.065844155844156,6.065844155844156,,,,,14.0,14.0,15.0,0.0,False,True,True,True,,10.755633980644172,True,True,1.0
Q2,Llama-4-Maverick x top3P,MAE_o,mean,Llama-4-Maverick,top3P,3,False,5.955396825396825,10.795470605489388,2.7936075036075043,4.67897463379778,933,4.678974633797779,4.678974633797779,4.678974633797779,9.604938271604935,108,9.604938271604935,9.604938271604935,9.604938271604935,11.514492753623182,46,11.514492753623186,11.514492753623186,11.514492753623186,12.578947368421051,38,12.578947368421053,12.578947368421053,12.578947368421053,15.599999999999998,30,15.599999999999998,15.599999999999998,15.599999999999998,10.79547060548939,10.79547060548939,10.79547060548939,5.955396825396826,5.955396825396826,5.955396825396826,,,,,12.0,9.0,12.0,0.0,False,True,True,True,,10.795470605489388,False,False,0.0
Q2,top2M x top3P,MAE_o,mean,top2M,top3P,6,False,5.934920634920635,10.857226761909718,2.801038961038961,4.7629510539478375,933,4.762951053947838,4.762951053947838,4.762951053947838,8.172839506172833,108,8.172839506172833,8.172839506172833,8.172839506172833,10.677536231884055,46,10.677536231884057,10.677536231884057,10.677536231884057,14.62280701754386,38,14.622807017543858,14.622807017543858,14.622807017543858,16.049999999999997,30,16.049999999999997,16.049999999999997,16.049999999999997,10.857226761909716,10.857226761909716,10.857226761909716,5.934920634920635,5.934920634920635,5.934920634920635,,,,,10.0,8.0,11.0,0.0,False,True,True,True,,10.857226761909718,True,True,1.0
Q2,top3M x Short,MAE_o,mean,top3M,Short,3,False,5.876821933621934,10.87693375497242,2.828614718614719,4.598316541621993,933,4.6080743122543595,4.517381207574116,4.715594855305452,8.742962962962965,108,8.780864197530867,8.123456790123457,9.13271604938272,12.720289855072462,46,12.833333333333332,11.927536231884057,13.304347826086953,14.804210526315792,38,14.649122807017545,14.140350877192983,16.15789473684211,13.518888888888888,30,13.583333333333334,12.111111111111112,15.611111111111109,10.887256970929737,10.546881049831914,11.355191869131277,5.885468975468976,5.783304473304474,6.014704184704185,,,,,7.5,6.0,11.0,0.0,False,True,True,True,,10.87693375497242,True,True,1.0
Q2,Llama-4-Maverick x top2P,MAE_o,mean,Llama-4-Maverick,top2P,2,False,6.134285714285715,10.932862538217176,3.112294372294372,4.779581993569128,933,4.779581993569128,4.779581993569128,4.779581993569128,10.692129629629633,108,10.69212962962963,10.69212962962963,10.69212962962963,12.543478260869568,46,12.543478260869565,12.543478260869565,12.543478260869565,11.815789473684209,38,11.81578947368421,11.81578947368421,11.81578947368421,14.833333333333336,30,14.833333333333334,14.833333333333334,14.833333333333334,10.932862538217174,10.932862538217174,10.932862538217174,6.134285714285714,6.134285714285714,6.134285714285714,,,,,20.0,19.0,21.0,0.0,False,True,True,True,,10.932862538217176,False,False,0.0
Q2,top2M x top2P,MAE_o,mean,top2M,top2P,4,False,5.887835497835498,10.971651465299392,2.647142857142857,4.641827438370846,933,4.6418274383708455,4.6418274383708455,4.6418274383708455,8.565972222222221,108,8.565972222222221,8.565972222222221,8.565972222222221,11.09782608695652,46,11.097826086956522,11.097826086956522,11.097826086956522,14.677631578947368,38,14.677631578947368,14.677631578947368,14.677631578947368,15.875,30,15.875,15.875,15.875,10.971651465299392,10.971651465299392,10.971651465299392,5.887835497835498,5.887835497835498,5.887835497835498,,,,,8.0,7.0,10.0,0.0,False,True,True,True,,10.971651465299392,True,True,1.0
Q2,top3M x top3P,MAE_o,mean,top3M,top3P,9,False,5.943145012025012,11.026877995911088,2.8530811351611347,4.701786828629272,933,4.700518042157916,4.653417887340716,4.792122186495186,8.634998353909463,108,8.661553497942386,8.012345679012347,8.989485596707816,10.87927536231884,46,10.781400966183574,10.36473429951691,11.59903381642512,14.623625730994151,38,14.4656432748538,14.121345029239762,15.773391812865494,16.294703703703707,30,16.31296296296297,15.459259259259262,17.738888888888887,11.030289054294904,10.765098763312519,11.419043636230185,5.943163059163059,5.88331216931217,6.046919672919674,,,,,11.0,8.0,13.0,0.0,False,True,True,True,,11.026877995911088,True,True,1.0
Q2,top2M x Grid-Overlay,MAE_o,mean,top2M,Grid-Overlay,2,False,6.2148917748917745,11.03629841988898,3.108831168831168,5.1173097534833865,933,5.1173097534833865,5.1173097534833865,5.1173097534833865,7.849537037037035,108,7.849537037037037,7.849537037037037,7.849537037037037,10.380434782608695,46,10.380434782608695,10.380434782608695,10.380434782608695,15.434210526315791,38,15.43421052631579,15.43421052631579,15.43421052631579,16.4,30,16.4,16.4,16.4,11.036298419888983,11.036298419888983,11.036298419888983,6.2148917748917745,6.2148917748917745,6.2148917748917745,,,,,22.0,21.0,22.0,0.0,False,True,True,True,,11.03629841988898,True,True,1.0
Q2,top3M x top2P,MAE_o,mean,top3M,top2P,6,False,5.924268455988456,11.11857914587199,2.801499047619048,4.625929260450157,933,4.624946409431937,4.577724187209718,4.686262951053942,8.971849382716048,108,8.99117283950617,8.268518518518517,9.33608024691358,11.248985507246376,46,11.150362318840578,10.605072463768114,11.902173913043478,14.717631578947367,38,14.549342105263156,14.19517543859649,15.918859649122803,16.028499999999998,30,16.044444444444444,15.016666666666671,17.75277777777778,11.12039324608049,10.831435254699858,11.561883733357243,5.925640692640693,5.878049062049062,5.997431457431458,,,,,9.0,7.0,12.0,0.0,False,True,True,True,,11.11857914587199,True,True,1.0
Q2,top3M x Grid-Overlay,MAE_o,mean,top3M,Grid-Overlay,3,False,6.143799711399711,11.256133923097556,2.9562453102453103,4.934543051089668,933,4.939942836727395,4.821489817792061,5.105341193283313,8.367283950617283,108,8.374228395061728,7.746913580246913,8.737654320987652,11.239275362318843,46,11.32608695652174,10.268115942028988,11.956521739130432,14.91245614035088,38,14.85964912280702,14.271929824561408,16.043859649122805,16.82711111111111,30,16.83333333333333,15.955555555555552,17.71111111111111,11.237016588458685,11.103931160896424,11.614438863285866,6.142308802308802,6.052770562770562,6.328672438672439,,,,,21.0,14.0,25.0,0.0,False,True,True,True,,11.256133923097556,True,True,1.0
Q2,top2M x Point-Hint,MAE_o,mean,top2M,Point-Hint,2,False,5.864545454545455,11.604168418954245,2.274415584415584,4.541050375133975,933,4.541050375133975,4.541050375133975,4.541050375133975,7.983796296296297,108,7.983796296296297,7.983796296296297,7.983796296296297,11.206521739130432,46,11.206521739130435,11.206521739130435,11.206521739130435,16.289473684210524,38,16.289473684210527,16.289473684210527,16.289473684210527,18.0,30,18.0,18.0,18.0,11.604168418954247,11.604168418954247,11.604168418954247,5.864545454545454,5.864545454545454,5.864545454545454,,,,,6.0,6.0,7.0,0.0,False,True,True,True,,11.604168418954245,True,True,1.0
Q2,all6M x Short,MAE_o,mean,all6M,Short,6,False,6.522265512265513,11.630065561353815,3.3169841269841265,5.385905680600205,933,5.385905680600205,5.385905680600205,5.385905680600205,7.827160493827158,108,7.82716049382716,7.82716049382716,7.82716049382716,11.985507246376807,46,11.98550724637681,11.98550724637681,11.98550724637681,15.368421052631577,38,15.368421052631579,15.368421052631579,15.368421052631579,17.58333333333333,30,17.58333333333333,17.58333333333333,17.58333333333333,11.630065561353817,11.630065561353817,11.630065561353817,6.522265512265513,6.522265512265513,6.522265512265513,,,,,30.0,30.0,30.0,0.0,False,True,True,True,,11.630065561353815,True,True,1.0
Q2,top3M x Point-Hint,MAE_o,mean,top3M,Point-Hint,3,False,6.107017142857143,11.692365760177143,2.7743833766233768,4.737008217220426,933,4.741764916041435,4.622918899606996,4.794801714898169,9.375056790123457,108,9.390524691358022,8.6358024691358,9.735432098765434,10.65159420289855,46,10.554347826086955,10.028985507246377,11.65942028985507,15.068947368421055,38,14.971491228070176,14.530701754385968,16.23245614035088,18.62922222222222,30,18.561111111111114,18.033333333333335,19.922222222222224,11.65657500635647,11.464452714714955,12.201840976858993,6.113486291486291,6.010080808080808,6.166415584415583,,,,,18.0,13.0,21.0,0.0,False,True,True,True,,11.692365760177143,True,True,1.0
Q2,top3M@own,MAE_o,mean,top3M,@own,3,True,5.506181240981242,11.693152226908614,1.814862914862915,4.065876384422996,933,4.0608431582708,4.002697391925676,4.175866380850293,7.607438271604937,108,7.651234567901232,6.964506172839503,8.035493827160494,12.683768115942028,46,12.626811594202898,11.818840579710146,13.992753623188404,17.23245614035088,38,17.267543859649123,16.412280701754383,18.842105263157894,16.87622222222222,30,16.866666666666667,15.322222222222223,18.833333333333332,11.700376428888777,11.29217304416682,12.17083541286902,5.51018759018759,5.413145743145743,5.639177489177489,,,,,1.0,1.0,4.0,0.78,False,True,True,True,,11.693152226908614,True,True,1.0
Q2,all6M x top2P,MAE_o,mean,all6M,top2P,12,False,6.605907647907649,11.741492411886231,3.391751803751804,5.473838871025358,933,5.473838871025359,5.473838871025359,5.473838871025359,8.1175,108,8.1175,8.1175,8.1175,10.836956521739133,46,10.836956521739133,10.836956521739133,10.836956521739133,14.895833333333332,38,14.895833333333332,14.895833333333332,14.895833333333332,19.38333333333333,30,19.383333333333333,19.383333333333333,19.383333333333333,11.741492411886231,11.741492411886231,11.741492411886231,6.605907647907649,6.605907647907649,6.605907647907649,,,,,32.0,32.0,32.0,0.0,False,True,True,True,,11.741492411886231,True,True,1.0
Q2,all6M x top3P,MAE_o,mean,all6M,top3P,18,False,6.934063492063493,11.798574435068932,3.80122077922078,5.909366440395376,933,5.909366440395376,5.909366440395376,5.909366440395376,7.90317901234568,108,7.90317901234568,7.90317901234568,7.90317901234568,10.46497584541063,46,10.464975845410628,10.464975845410628,10.464975845410628,14.876461988304088,38,14.87646198830409,14.87646198830409,14.87646198830409,19.838888888888885,30,19.838888888888885,19.838888888888885,19.838888888888885,11.798574435068932,11.798574435068932,11.798574435068932,6.934063492063492,6.934063492063492,6.934063492063492,,,,,42.0,41.0,42.0,0.0,False,True,True,True,,11.798574435068932,True,True,1.0
Q2,all6M x Point-Hint,MAE_o,mean,all6M,Point-Hint,6,False,6.733561327561329,11.987899498540528,3.4665194805194806,5.576062879599845,933,5.576062879599846,5.576062879599846,5.576062879599846,8.545185185185186,108,8.545185185185186,8.545185185185186,8.545185185185186,10.03623188405797,46,10.03623188405797,10.03623188405797,10.03623188405797,14.598684210526319,38,14.598684210526319,14.598684210526319,14.598684210526319,21.183333333333326,30,21.183333333333326,21.183333333333326,21.183333333333326,11.987899498540528,11.987899498540528,11.987899498540528,6.733561327561328,6.733561327561328,6.733561327561328,,,,,37.0,37.0,37.0,0.0,False,True,True,True,,11.987899498540528,True,True,1.0
Q2,all6M@own,MAE_o,mean,all6M,@own,6,True,6.091862914862916,12.01246347112182,2.51331746031746,4.806745266166486,933,4.80726152197213,4.792926045016076,4.825437656305821,7.373533950617282,108,7.36458333333333,7.144290123456788,7.672067901234562,11.795652173913043,46,11.780797101449275,11.471014492753623,12.115942028985508,16.23438596491228,38,16.263157894736842,15.631578947368421,16.535087719298243,19.852,30,19.869444444444444,19.516666666666662,20.077777777777776,12.007734450900383,11.925957493445726,12.130769146830342,6.08914862914863,6.068802308802309,6.125728715728716,,,,,17.0,15.0,20.0,0.0,False,True,True,True,,12.01246347112182,True,True,1.0
Q2,Qwen-2.5 x top3P,MAE_o,mean,Qwen-2.5,top3P,3,False,6.665959595959595,12.083017947003881,2.808470418470419,5.442140050017864,933,5.442140050017864,5.442140050017864,5.442140050017864,8.135802469135804,108,8.135802469135806,8.135802469135806,8.135802469135806,11.89855072463768,46,11.898550724637682,11.898550724637682,11.898550724637682,18.438596491228065,38,18.438596491228065,18.438596491228065,18.438596491228065,16.500000000000004,30,16.500000000000004,16.500000000000004,16.500000000000004,12.083017947003885,12.083017947003885,12.083017947003885,6.665959595959596,6.665959595959596,6.665959595959596,,,,,33.0,33.0,33.0,0.0,False,True,True,True,,12.083017947003881,False,False,0.0
Q2,all6M x Grid-Overlay,MAE_o,mean,all6M,Grid-Overlay,6,False,7.691010101010102,12.126516493849687,4.620158730158729,6.838728117184706,933,6.838728117184707,6.838728117184707,6.838728117184707,7.766203703703707,108,7.766203703703706,7.766203703703706,7.766203703703706,10.097826086956518,46,10.09782608695652,10.09782608695652,10.09782608695652,15.179824561403507,38,15.179824561403507,15.179824561403507,15.179824561403507,20.749999999999996,30,20.749999999999996,20.749999999999996,20.749999999999996,12.126516493849687,12.126516493849687,12.126516493849687,7.691010101010103,7.691010101010103,7.691010101010103,,,,,47.0,47.0,47.0,0.0,False,True,True,True,,12.126516493849687,True,True,1.0
Q2,Llama-4-Scout x top3P,MAE_o,mean,Llama-4-Scout,top3P,3,False,6.457699855699856,12.168183359499555,3.20148051948052,4.807306180778848,933,4.8073061807788475,4.8073061807788475,4.8073061807788475,12.190679012345674,108,12.190679012345676,12.190679012345676,12.190679012345676,13.40579710144927,46,13.405797101449272,13.405797101449272,13.405797101449272,15.881578947368423,38,15.881578947368421,15.881578947368421,15.881578947368421,14.555555555555554,30,14.555555555555554,14.555555555555554,14.555555555555554,12.168183359499555,12.168183359499555,12.168183359499555,6.457699855699856,6.457699855699856,6.457699855699856,,,,,27.0,27.0,27.0,0.0,False,True,True,True,,12.168183359499555,False,False,0.0
Q2,top2M@own,MAE_o,mean,top2M,@own,2,True,5.545829437229437,12.168931458399248,1.5277012987012983,4.067554126473739,933,4.067524115755626,4.022829581993568,4.1194533762057866,7.267083333333334,108,7.282407407407407,6.719907407407407,7.719907407407407,12.161739130434782,46,12.16304347826087,11.195652173913043,13.228260869565217,18.208947368421054,38,18.309210526315788,16.68421052631579,19.039473684210527,19.139333333333333,30,19.191666666666666,18.133333333333333,19.816666666666666,12.177068606146523,11.907205090409047,12.405807421006031,5.542251082251082,5.492467532467532,5.621125541125541,,,,,3.0,1.0,5.0,0.1,False,True,True,True,,12.168931458399248,True,True,1.0
Q2,Llama-4-Scout x top2P,MAE_o,mean,Llama-4-Scout,top2P,2,False,6.68678787878788,12.406541954887995,3.529298701298701,5.023151125401925,933,5.023151125401925,5.023151125401925,5.023151125401925,12.568425925925924,108,12.568425925925924,12.568425925925924,12.568425925925924,12.76086956521739,46,12.76086956521739,12.76086956521739,12.76086956521739,17.730263157894736,38,17.730263157894736,17.730263157894736,17.730263157894736,13.950000000000003,30,13.95,13.95,13.95,12.406541954887995,12.406541954887995,12.406541954887995,6.686787878787879,6.686787878787879,6.686787878787879,,,,,34.0,34.0,34.0,0.0,False,True,True,True,,12.406541954887995,False,False,0.0
Q2,Qwen-2.5 x all4P,MAE_o,mean,Qwen-2.5,all4P,4,False,6.354740259740259,12.449435281724513,2.25547619047619,5.025160771704179,933,5.025160771704179,5.025160771704179,5.025160771704179,7.4375,108,7.4375,7.4375,7.4375,12.315217391304348,46,12.315217391304348,12.315217391304348,12.315217391304348,19.67763157894737,38,19.67763157894737,19.67763157894737,19.67763157894737,17.791666666666668,30,17.791666666666668,17.791666666666668,17.791666666666668,12.449435281724513,12.449435281724513,12.449435281724513,6.35474025974026,6.35474025974026,6.35474025974026,,,,,26.0,26.0,26.0,0.0,False,True,True,True,,12.449435281724513,False,False,0.0
Q2,Qwen-2.5 x top2P,MAE_o,mean,Qwen-2.5,top2P,2,False,6.4586147186147205,12.49339864351685,2.1819913419913415,5.102036441586279,933,5.102036441586279,5.102036441586279,5.102036441586279,7.930555555555555,108,7.930555555555555,7.930555555555555,7.930555555555555,12.478260869565217,46,12.478260869565217,12.478260869565217,12.478260869565217,20.039473684210524,38,20.039473684210527,20.039473684210527,20.039473684210527,16.916666666666668,30,16.916666666666668,16.916666666666668,16.916666666666668,12.49339864351685,12.49339864351685,12.49339864351685,6.45861471861472,6.45861471861472,6.45861471861472,,,,,28.0,28.0,28.0,0.0,False,True,True,True,,12.49339864351685,False,False,0.0
Q2,top2M x all4P,MAE_o,mean,top2M,all4P,8,False,5.578095238095237,12.536892400072599,1.4848268398268396,4.110610932475886,933,4.110610932475887,4.110610932475887,4.110610932475887,6.635416666666668,108,6.635416666666667,6.635416666666667,6.635416666666667,11.855978260869568,46,11.855978260869565,11.855978260869565,11.855978260869565,17.878289473684205,38,17.87828947368421,17.87828947368421,17.87828947368421,22.204166666666666,30,22.204166666666666,22.204166666666666,22.204166666666666,12.536892400072599,12.536892400072599,12.536892400072599,5.578095238095238,5.578095238095238,5.578095238095238,,,,,4.0,2.0,5.0,0.0,False,True,True,True,,12.536892400072599,True,True,1.0
Q2,top3M x all4P,MAE_o,mean,top3M,all4P,12,False,5.633326147186146,12.861946275681253,1.4517235497835497,4.1111979278313635,933,4.11484012147195,3.9682565201857765,4.287468738835296,6.824813580246912,108,6.816658950617283,6.437499999999998,6.996358024691353,11.842934782608696,46,11.802536231884057,11.440217391304346,12.30978260869565,17.870701754385962,38,17.839912280701753,17.196271929824558,18.687500000000004,23.66008333333334,30,23.56805555555556,23.198611111111116,24.533333333333342,12.85148478366697,12.720019802779987,13.123454002042246,5.634461760461761,5.5088658008658005,5.789305916305916,,,,,5.0,2.0,5.0,0.0,False,True,True,True,,12.861946275681253,True,True,1.0
Q2,all6M x all4P,MAE_o,mean,all6M,all4P,24,False,6.831341269841271,13.317231851889545,2.8767236652236647,5.611178099321176,933,5.611178099321175,5.611178099321175,5.611178099321175,6.455547839506169,108,6.4555478395061705,6.4555478395061705,6.4555478395061705,11.401268115942033,46,11.401268115942033,11.401268115942033,11.401268115942033,17.47094298245614,38,17.470942982456144,17.470942982456144,17.470942982456144,25.64722222222222,30,25.647222222222222,25.647222222222222,25.647222222222222,13.317231851889549,13.317231851889549,13.317231851889549,6.83134126984127,6.83134126984127,6.83134126984127,,,,,39.0,39.0,39.0,0.0,False,True,True,True,,13.317231851889545,True,True,1.0
Q2,Llama-4-Maverick x all4P,MAE_o,mean,Llama-4-Maverick,all4P,4,False,5.55508658008658,13.459165979241252,0.7141774891774891,3.825160771704177,933,3.8251607717041765,3.8251607717041765,3.8251607717041765,7.814814814814817,108,7.814814814814815,7.814814814814815,7.814814814814815,12.657608695652172,46,12.657608695652174,12.657608695652174,12.657608695652174,16.381578947368425,38,16.38157894736842,16.38157894736842,16.38157894736842,26.616666666666664,30,26.616666666666667,26.616666666666667,26.616666666666667,13.459165979241249,13.459165979241249,13.459165979241249,5.55508658008658,5.55508658008658,5.55508658008658,,,,,3.0,1.0,4.0,0.12,False,True,True,True,,13.459165979241252,False,False,0.0
Q2,Gemma-3-12B x top2P,MAE_o,mean,Gemma-3-12B,top2P,2,False,8.94822510822511,13.770490869437129,5.7088311688311695,7.658306538049283,933,7.658306538049284,7.658306538049284,7.658306538049284,13.268518518518517,108,13.268518518518519,13.268518518518519,13.268518518518519,12.978260869565217,46,12.978260869565217,12.978260869565217,12.978260869565217,13.947368421052632,38,13.947368421052632,13.947368421052632,13.947368421052632,21.0,30,21.0,21.0,21.0,13.770490869437129,13.770490869437129,13.770490869437129,8.94822510822511,8.94822510822511,8.94822510822511,,,,,54.0,54.0,54.0,0.0,False,True,True,True,,13.770490869437129,False,False,0.0
Q2,Gemma-3-12B x top3P,MAE_o,mean,Gemma-3-12B,top3P,3,False,9.406738816738816,13.960635440883816,6.100822510822512,8.34917827795641,933,8.34917827795641,8.34917827795641,8.34917827795641,12.006172839506167,108,12.006172839506169,12.006172839506169,12.006172839506169,11.34782608695652,46,11.347826086956522,11.347826086956522,11.347826086956522,14.16666666666666,38,14.166666666666664,14.166666666666664,14.166666666666664,23.933333333333334,30,23.93333333333333,23.93333333333333,23.93333333333333,13.960635440883816,13.960635440883816,13.960635440883816,9.406738816738816,9.406738816738816,9.406738816738816,,,,,57.0,57.0,57.0,0.0,False,True,True,True,,13.960635440883816,False,False,0.0
Q2,Gemma-3-27B x top3P,MAE_o,mean,Gemma-3-27B,top3P,3,False,9.847287157287157,14.193193131250695,6.23978354978355,9.218953197570537,933,9.218953197570537,9.218953197570537,9.218953197570537,7.500000000000001,108,7.500000000000001,7.500000000000001,7.500000000000001,12.507246376811597,46,12.507246376811596,12.507246376811596,12.507246376811596,16.850877192982455,38,16.850877192982455,16.850877192982455,16.850877192982455,24.888888888888893,30,24.888888888888893,24.888888888888893,24.888888888888893,14.193193131250695,14.193193131250695,14.193193131250695,9.847287157287157,9.847287157287157,9.847287157287157,,,,,62.0,62.0,62.0,0.0,False,True,True,True,,14.193193131250695,False,False,0.0
Q2,Mistral-Small-3.2 x top3P,MAE_o,mean,Mistral-Small-3.2,top3P,3,False,6.8125108225108235,14.314199920842745,1.6631601731601737,5.251643444087172,933,5.251643444087171,5.251643444087171,5.251643444087171,7.478395061728395,108,7.478395061728396,7.478395061728396,7.478395061728396,14.463768115942026,46,14.463768115942026,14.463768115942026,14.463768115942026,20.5438596491228,38,20.5438596491228,20.5438596491228,20.5438596491228,23.83333333333333,30,23.833333333333332,23.833333333333332,23.833333333333332,14.314199920842745,14.314199920842745,14.314199920842745,6.8125108225108235,6.8125108225108235,6.8125108225108235,,,,,38.0,38.0,38.0,0.0,False,True,True,True,,14.314199920842745,False,False,0.0
Q2,Gemma-3-27B x top2P,MAE_o,mean,Gemma-3-27B,top2P,2,False,8.730692640692642,14.402165306940555,4.690865800865801,7.760932475884223,933,7.760932475884224,7.760932475884224,7.760932475884224,7.074074074074075,108,7.074074074074074,7.074074074074074,7.074074074074074,13.956521739130432,46,13.956521739130435,13.956521739130435,13.956521739130435,17.55263157894737,38,17.55263157894737,17.55263157894737,17.55263157894737,25.66666666666667,30,25.666666666666668,25.666666666666668,25.666666666666668,14.402165306940555,14.402165306940555,14.402165306940555,8.730692640692642,8.730692640692642,8.730692640692642,,,,,52.0,52.0,52.0,0.0,False,True,True,True,,14.402165306940555,False,False,0.0
Q2,Llama-4-Scout x all4P,MAE_o,mean,Llama-4-Scout,all4P,4,False,6.091922077922077,14.50681653038066,1.138978354978355,4.1094319399785615,933,4.1094319399785615,4.1094319399785615,4.1094319399785615,10.064305555555556,108,10.064305555555555,10.064305555555555,10.064305555555555,13.570652173913043,46,13.570652173913043,13.570652173913043,13.570652173913043,18.398026315789476,38,18.398026315789473,18.398026315789473,18.398026315789473,26.391666666666662,30,26.391666666666666,26.391666666666666,26.391666666666666,14.50681653038066,14.50681653038066,14.50681653038066,6.091922077922078,6.091922077922078,6.091922077922078,,,,,17.0,16.0,18.0,0.0,False,True,True,True,,14.50681653038066,False,False,0.0
Q2,Gemma-3-12B x all4P,MAE_o,mean,Gemma-3-12B,all4P,4,False,9.20352813852814,14.813094045247166,5.3457359307359305,8.084217577706305,933,8.084217577706305,8.084217577706305,8.084217577706305,10.064814814814817,108,10.064814814814815,10.064814814814815,10.064814814814815,12.076086956521738,46,12.076086956521738,12.076086956521738,12.076086956521738,16.223684210526315,38,16.223684210526315,16.223684210526315,16.223684210526315,27.616666666666664,30,27.616666666666667,27.616666666666667,27.616666666666667,14.813094045247169,14.813094045247169,14.813094045247169,9.203528138528139,9.203528138528139,9.203528138528139,,,,,55.0,55.0,55.0,0.0,False,True,True,True,,14.813094045247166,False,False,0.0
Q2,Mistral-Small-3.2 x top2P,MAE_o,mean,Mistral-Small-3.2,top2P,2,False,6.691991341991342,14.849670975986033,1.1272294372294374,4.977759914255092,933,4.977759914255091,4.977759914255091,4.977759914255091,7.583333333333332,108,7.583333333333333,7.583333333333333,7.583333333333333,15.15217391304348,46,15.152173913043478,15.152173913043478,15.152173913043478,21.618421052631582,38,21.61842105263158,21.61842105263158,21.61842105263158,24.91666666666667,30,24.916666666666668,24.916666666666668,24.916666666666668,14.84967097598603,14.84967097598603,14.84967097598603,6.691991341991342,6.691991341991342,6.691991341991342,,,,,35.0,35.0,35.0,0.0,False,True,True,True,,14.849670975986033,False,False,0.0
Q2,Mistral-Small-3.2 x all4P,MAE_o,mean,Mistral-Small-3.2,all4P,4,False,7.3509090909090915,15.1286722020423,2.0499567099567098,5.830707395498388,933,5.830707395498387,5.830707395498387,5.830707395498387,7.134259259259259,108,7.1342592592592595,7.1342592592592595,7.1342592592592595,14.03804347826087,46,14.03804347826087,14.03804347826087,14.03804347826087,21.84868421052631,38,21.848684210526315,21.848684210526315,21.848684210526315,26.79166666666667,30,26.791666666666668,26.791666666666668,26.791666666666668,15.1286722020423,15.1286722020423,15.1286722020423,7.350909090909091,7.350909090909091,7.350909090909091,,,,,45.0,45.0,45.0,0.0,False,True,True,True,,15.1286722020423,False,False,0.0
Q2,Gemma-3-27B x all4P,MAE_o,mean,Gemma-3-27B,all4P,4,False,9.943030303030303,15.578555602701082,5.756017316017317,9.117309753483369,933,9.117309753483369,9.117309753483369,9.117309753483369,6.9675925925925934,108,6.967592592592593,6.967592592592593,6.967592592592593,13.90217391304348,46,13.902173913043478,13.902173913043478,13.902173913043478,18.57236842105263,38,18.57236842105263,18.57236842105263,18.57236842105263,29.33333333333333,30,29.333333333333332,29.333333333333332,29.333333333333332,15.578555602701082,15.578555602701082,15.578555602701082,9.943030303030303,9.943030303030303,9.943030303030303,,,,,63.0,63.0,63.0,0.0,False,True,True,True,,15.578555602701082,False,False,0.0
Q2,all6M x Detailed,MAE_o,mean,all6M,Detailed,6,False,7.753737373737372,21.312672360284132,0.10323232323232304,4.972204358699536,933,4.972204358699536,4.972204358699536,4.972204358699536,9.021604938271606,108,9.021604938271606,9.021604938271606,9.021604938271606,21.137681159420286,46,21.13768115942029,21.13768115942029,21.13768115942029,28.359649122807024,38,28.359649122807024,28.359649122807024,28.359649122807024,43.07222222222221,30,43.072222222222216,43.072222222222216,43.072222222222216,21.312672360284136,21.312672360284136,21.312672360284136,7.753737373737373,7.753737373737373,7.753737373737373,,,,,48.0,48.0,48.0,0.0,False,True,True,True,,21.312672360284132,True,True,1.0
Q2,top2M x Detailed,MAE_o,mean,top2M,Detailed,2,False,6.25852813852814,21.411266510132613,-2.4638095238095237,2.897749196141479,933,2.8977491961414783,2.8977491961414783,2.8977491961414783,10.143518518518519,108,10.143518518518519,10.143518518518519,10.143518518518519,22.78260869565218,46,22.782608695652176,22.782608695652176,22.782608695652176,30.56578947368421,38,30.56578947368421,30.56578947368421,30.56578947368421,40.666666666666664,30,40.666666666666664,40.666666666666664,40.666666666666664,21.411266510132613,21.411266510132613,21.411266510132613,6.258528138528139,6.258528138528139,6.258528138528139,,,,,24.0,23.0,24.0,0.0,False,True,True,True,,21.411266510132613,True,True,1.0
Q2,top3M x Detailed,MAE_o,mean,top3M,Detailed,3,False,6.929930158730158,23.629730060452555,-2.7523492063492068,3.1680628795998502,933,3.158360128617356,2.8682207931404027,3.5483208288674444,12.026851851851852,108,12.07716049382716,10.623456790123456,13.00925925925926,25.396811594202894,46,25.43478260869565,23.130434782608692,26.572463768115934,31.80070175438597,38,31.86842105263158,29.438596491228072,33.122807017543856,45.75622222222222,30,45.83888888888889,43.08888888888889,47.36666666666667,23.602076109234826,22.460970562931237,24.447532623752245,6.9237950937950945,6.852741702741702,7.053030303030303,,,,,40.0,40.0,42.0,0.0,False,True,True,True,,23.629730060452555,True,True,1.0
Q2,Llama-4-Maverick x Short,none,mean,Llama-4-Maverick,Short,1,False,6.116320346320346,11.209051674497456,3.0917316017316017,4.58665594855305,933,4.58665594855305,4.58665594855305,4.58665594855305,11.935185185185187,108,11.935185185185185,11.935185185185185,11.935185185185185,13.630434782608695,46,13.630434782608695,13.630434782608695,13.630434782608695,11.526315789473683,38,11.526315789473685,11.526315789473685,11.526315789473685,14.366666666666669,30,14.366666666666667,14.366666666666667,14.366666666666667,11.209051674497456,11.209051674497456,11.209051674497456,6.116320346320347,6.116320346320347,6.116320346320347,3.0,3.0,3.0,0.0,19.0,18.0,20.0,0.0,False,True,True,False,,,False,False,0.0
Q2,Llama-4-Maverick x Point-Hint,none,mean,Llama-4-Maverick,Point-Hint,1,False,6.460476190476191,11.375880070767348,3.1328571428571426,5.17615219721329,933,5.17615219721329,5.17615219721329,5.17615219721329,9.930555555555555,108,9.930555555555555,9.930555555555555,9.930555555555555,12.41304347826087,46,12.41304347826087,12.41304347826087,12.41304347826087,13.526315789473683,38,13.526315789473685,13.526315789473685,13.526315789473685,15.833333333333336,30,15.833333333333334,15.833333333333334,15.833333333333334,11.375880070767348,11.375880070767348,11.375880070767348,6.460476190476191,6.460476190476191,6.460476190476191,4.0,4.0,5.0,0.0,29.0,29.0,29.0,0.0,False,True,True,False,,,False,False,0.0
Q2,Qwen-2.5 x Grid-Overlay,none,mean,Qwen-2.5,Grid-Overlay,1,False,7.396580086580085,11.749014966389051,4.061428571428571,6.346248660235792,933,6.3462486602357915,6.3462486602357915,6.3462486602357915,9.49074074074074,108,9.49074074074074,9.49074074074074,9.49074074074074,11.478260869565217,46,11.478260869565217,11.478260869565217,11.478260869565217,15.763157894736846,38,15.763157894736842,15.763157894736842,15.763157894736842,15.666666666666664,30,15.666666666666666,15.666666666666666,15.666666666666666,11.749014966389051,11.749014966389051,11.749014966389051,7.396580086580086,7.396580086580086,7.396580086580086,8.0,6.0,9.0,0.0,46.0,46.0,46.0,0.0,False,True,True,False,,,False,False,0.0
Q2,Llama-4-Maverick x Grid-Overlay,none,mean,Llama-4-Maverick,Grid-Overlay,1,False,6.0750216450216445,11.815106900443084,2.1562337662337665,4.73649517684887,933,4.73649517684887,4.73649517684887,4.73649517684887,8.078703703703702,108,8.078703703703704,8.078703703703704,8.078703703703704,13.021739130434783,46,13.021739130434783,13.021739130434783,13.021739130434783,16.105263157894736,38,16.105263157894736,16.105263157894736,16.105263157894736,17.13333333333333,30,17.133333333333333,17.133333333333333,17.133333333333333,11.815106900443086,11.815106900443086,11.815106900443086,6.0750216450216445,6.0750216450216445,6.0750216450216445,10.0,9.0,12.0,0.0,15.5,15.0,17.0,0.0,False,True,True,False,,,False,False,0.0
Q2,Qwen-2.5 x Short,none,mean,Qwen-2.5,Short,1,False,6.9312121212121225,12.04652682703232,2.948008658008658,5.712272240085739,933,5.712272240085739,5.712272240085739,5.712272240085739,8.712962962962964,108,8.712962962962964,8.712962962962964,8.712962962962964,12.956521739130432,46,12.956521739130435,12.956521739130435,12.956521739130435,19.184210526315795,38,19.18421052631579,19.18421052631579,19.18421052631579,13.666666666666664,30,13.666666666666666,13.666666666666666,13.666666666666666,12.04652682703232,12.04652682703232,12.04652682703232,6.9312121212121225,6.9312121212121225,6.9312121212121225,15.0,13.0,19.0,0.0,41.0,40.0,41.0,0.0,False,True,True,False,,,False,False,0.0
Q2,Llama-4-Scout x Short,none,mean,Llama-4-Scout,Short,1,False,6.305844155844157,12.679774494486834,2.677878787878788,4.584405144694528,933,4.584405144694528,4.584405144694528,4.584405144694528,10.277777777777779,108,10.277777777777779,10.277777777777779,10.277777777777779,17.217391304347828,46,17.217391304347824,17.217391304347824,17.217391304347824,20.55263157894737,38,20.55263157894737,20.55263157894737,20.55263157894737,10.766666666666667,30,10.766666666666667,10.766666666666667,10.766666666666667,12.679774494486832,12.679774494486832,12.679774494486832,6.305844155844156,6.305844155844156,6.305844155844156,28.0,24.0,29.0,0.0,25.0,24.0,25.0,0.0,False,True,True,False,,,False,False,0.0
Q2,Qwen-2.5 x Point-Hint,none,mean,Qwen-2.5,Point-Hint,1,False,6.216666666666666,13.368864097971136,1.415974025974026,4.659431939978563,933,4.659431939978563,4.659431939978563,4.659431939978563,7.5925925925925934,108,7.592592592592593,7.592592592592593,7.592592592592593,12.478260869565217,46,12.478260869565217,12.478260869565217,12.478260869565217,21.947368421052634,38,21.94736842105263,21.94736842105263,21.94736842105263,20.166666666666668,30,20.166666666666668,20.166666666666668,20.166666666666668,13.368864097971136,13.368864097971136,13.368864097971136,6.216666666666667,6.216666666666667,6.216666666666667,34.0,31.0,35.0,0.0,23.0,22.0,23.0,0.0,False,True,True,False,,,False,False,0.0
Q2,Llama-4-Scout x Grid-Overlay,none,mean,Llama-4-Scout,Grid-Overlay,1,False,6.694415584415583,13.406936548930926,2.5458441558441556,4.756752411575557,933,4.756752411575557,4.756752411575557,4.756752411575557,13.277777777777779,108,13.277777777777779,13.277777777777779,13.277777777777779,16.782608695652172,46,16.782608695652176,16.782608695652176,16.782608695652176,15.184210526315791,38,15.18421052631579,15.18421052631579,15.18421052631579,17.03333333333333,30,17.033333333333335,17.033333333333335,17.033333333333335,13.406936548930926,13.406936548930926,13.406936548930926,6.694415584415584,6.694415584415584,6.694415584415584,35.0,32.0,36.0,0.0,36.0,36.0,36.0,0.0,False,True,True,False,,,False,False,0.0
Q2,Mistral-Small-3.2 x Grid-Overlay,none,mean,Mistral-Small-3.2,Grid-Overlay,1,False,7.323506493506494,13.647096704745536,2.7350216450216447,6.000696677384774,933,6.000696677384774,6.000696677384774,6.000696677384774,7.953703703703703,108,7.953703703703703,7.953703703703703,7.953703703703703,13.956521739130432,46,13.956521739130435,13.956521739130435,13.956521739130435,18.657894736842106,38,18.657894736842106,18.657894736842106,18.657894736842106,21.66666666666667,30,21.666666666666668,21.666666666666668,21.666666666666668,13.64709670474554,13.64709670474554,13.64709670474554,7.3235064935064935,7.3235064935064935,7.3235064935064935,38.0,36.0,38.0,0.0,44.0,44.0,44.0,0.0,False,True,True,False,,,False,False,0.0
Q2,Gemma-3-12B x Short,none,mean,Gemma-3-12B,Short,1,False,9.437272727272727,13.944539776519287,6.502121212121211,8.190836012861721,933,8.19083601286172,8.19083601286172,8.19083601286172,13.731481481481483,108,13.731481481481481,13.731481481481481,13.731481481481481,13.956521739130432,46,13.956521739130435,13.956521739130435,13.956521739130435,14.710526315789474,38,14.710526315789474,14.710526315789474,14.710526315789474,19.13333333333333,30,19.133333333333333,19.133333333333333,19.133333333333333,13.944539776519287,13.944539776519287,13.944539776519287,9.437272727272727,9.437272727272727,9.437272727272727,39.0,39.0,39.0,0.0,59.0,59.0,59.0,0.0,False,True,True,False,,,False,False,0.0
Q2,Llama-4-Scout x Point-Hint,none,mean,Llama-4-Scout,Point-Hint,1,False,7.769549783549784,13.95716179909519,4.3807186147186155,5.844105037513406,933,5.844105037513405,5.844105037513405,5.844105037513405,16.210925925925924,108,16.210925925925924,16.210925925925924,16.210925925925924,13.39130434782609,46,13.391304347826088,13.391304347826088,13.391304347826088,15.539473684210526,38,15.539473684210526,15.539473684210526,15.539473684210526,18.799999999999997,30,18.8,18.8,18.8,13.95716179909519,13.95716179909519,13.95716179909519,7.769549783549784,7.769549783549784,7.769549783549784,40.0,40.0,40.0,0.0,49.0,49.0,49.0,0.0,False,True,True,False,,,False,False,0.0
Q2,Mistral-Small-3.2 x Point-Hint,none,mean,Mistral-Small-3.2,Point-Hint,1,False,6.5603896103896115,14.048447263365551,1.0016883116883115,4.917738478027865,933,4.917738478027865,4.917738478027865,4.917738478027865,8.36111111111111,108,8.36111111111111,8.36111111111111,8.36111111111111,14.173913043478262,46,14.173913043478262,14.173913043478262,14.173913043478262,18.789473684210524,38,18.789473684210527,18.789473684210527,18.789473684210527,24.0,30,24.0,24.0,24.0,14.048447263365551,14.048447263365551,14.048447263365551,6.560389610389611,6.560389610389611,6.560389610389611,42.0,42.0,42.0,0.0,31.0,31.0,31.0,0.0,False,True,True,False,,,False,False,0.0
Q2,Gemma-3-12B x Point-Hint,none,mean,Gemma-3-12B,Point-Hint,1,False,8.75103896103896,14.264157003877102,4.915541125541125,7.289871382636636,933,7.289871382636636,7.289871382636636,7.289871382636636,13.60185185185185,108,13.601851851851851,13.601851851851851,13.601851851851851,13.08695652173913,46,13.08695652173913,13.08695652173913,13.08695652173913,14.342105263157896,38,14.342105263157896,14.342105263157896,14.342105263157896,23.0,30,23.0,23.0,23.0,14.264157003877102,14.264157003877102,14.264157003877102,8.751038961038962,8.751038961038962,8.751038961038962,45.0,44.0,46.0,0.0,53.0,53.0,53.0,0.0,False,True,True,False,,,False,False,0.0
Q2,Qwen-2.5 x Detailed,none,mean,Qwen-2.5,Detailed,1,False,6.0208225108225095,14.368528882359367,0.5964935064935064,4.237995712754553,933,4.237995712754553,4.237995712754553,4.237995712754553,6.879629629629631,108,6.87962962962963,6.87962962962963,6.87962962962963,15.34782608695652,46,15.347826086956522,15.347826086956522,15.347826086956522,23.71052631578947,38,23.710526315789473,23.710526315789473,23.710526315789473,21.66666666666667,30,21.666666666666668,21.666666666666668,21.666666666666668,14.368528882359367,14.368528882359367,14.368528882359367,6.020822510822511,6.020822510822511,6.020822510822511,48.0,46.0,48.0,0.0,13.0,12.0,14.0,0.0,False,True,True,False,,,False,False,0.0
Q2,Gemma-3-27B x Grid-Overlay,none,mean,Gemma-3-27B,Grid-Overlay,1,False,12.342380952380951,14.380937610114097,9.33761904761905,12.225562700964604,933,12.225562700964606,12.225562700964606,12.225562700964606,9.722222222222221,108,9.722222222222221,9.722222222222221,9.722222222222221,10.91304347826087,46,10.91304347826087,10.91304347826087,10.91304347826087,15.710526315789474,38,15.710526315789474,15.710526315789474,15.710526315789474,23.33333333333333,30,23.333333333333332,23.333333333333332,23.333333333333332,14.380937610114099,14.380937610114099,14.380937610114099,12.342380952380953,12.342380952380953,12.342380952380953,49.0,47.0,49.0,0.0,66.0,66.0,66.0,0.0,False,True,True,False,,,False,False,0.0
Q2,Gemma-3-27B x Point-Hint,none,mean,Gemma-3-27B,Point-Hint,1,False,9.694329004329004,14.45670723362299,5.952337662337661,8.934565916398695,933,8.934565916398695,8.934565916398695,8.934565916398695,8.0,108,8.0,8.0,8.0,12.717391304347828,46,12.717391304347826,12.717391304347826,12.717391304347826,16.631578947368425,38,16.63157894736842,16.63157894736842,16.63157894736842,26.0,30,26.0,26.0,26.0,14.45670723362299,14.45670723362299,14.45670723362299,9.694329004329004,9.694329004329004,9.694329004329004,50.0,49.0,51.0,0.0,61.0,61.0,61.0,0.0,False,True,True,False,,,False,False,0.0
Q2,Gemma-3-27B x Short,none,mean,Gemma-3-27B,Short,1,False,8.002987012987013,14.662598190102216,3.429393939393939,6.75718113612003,933,6.757181136120029,6.757181136120029,6.757181136120029,6.944444444444445,108,6.944444444444445,6.944444444444445,6.944444444444445,15.804347826086957,46,15.804347826086957,15.804347826086957,15.804347826086957,18.473684210526315,38,18.473684210526315,18.473684210526315,18.473684210526315,25.33333333333333,30,25.333333333333332,25.333333333333332,25.333333333333332,14.662598190102216,14.662598190102216,14.662598190102216,8.002987012987012,8.002987012987012,8.002987012987012,53.0,52.0,53.0,0.0,50.0,50.0,50.0,0.0,False,True,True,False,,,False,False,0.0
Q2,Gemma-3-12B x Grid-Overlay,none,mean,Gemma-3-12B,Grid-Overlay,1,False,10.774848484848485,15.737828512362341,6.884805194805195,9.905627009646278,933,9.905627009646278,9.905627009646278,9.905627009646278,10.592592592592593,108,10.592592592592593,10.592592592592593,10.592592592592593,11.434782608695652,46,11.434782608695652,11.434782608695652,11.434782608695652,16.289473684210524,38,16.289473684210527,16.289473684210527,16.289473684210527,30.466666666666665,30,30.466666666666665,30.466666666666665,30.466666666666665,15.737828512362345,15.737828512362345,15.737828512362345,10.774848484848485,10.774848484848485,10.774848484848485,57.0,57.0,57.0,0.0,64.0,64.0,64.0,0.0,False,True,True,False,,,False,False,0.0
Q2,Mistral-Small-3.2 x Short,none,mean,Mistral-Small-3.2,Short,1,False,7.067229437229438,15.925771065126506,1.2527705627705625,5.234351554126472,933,5.234351554126472,5.234351554126472,5.234351554126472,7.546296296296297,108,7.546296296296297,7.546296296296297,7.546296296296297,16.304347826086957,46,16.304347826086957,16.304347826086957,16.304347826086957,24.71052631578947,38,24.710526315789473,24.710526315789473,24.710526315789473,25.83333333333333,30,25.833333333333332,25.833333333333332,25.833333333333332,15.925771065126506,15.925771065126506,15.925771065126506,7.067229437229438,7.067229437229438,7.067229437229438,59.0,58.0,59.0,0.0,43.0,43.0,43.0,0.0,False,True,True,False,,,False,False,0.0
Q2,Mistral-Small-3.2 x Detailed,none,mean,Mistral-Small-3.2,Detailed,1,False,9.421601731601733,18.560615121069986,3.2103463203463205,7.848821007502659,933,7.84882100750266,7.84882100750266,7.84882100750266,6.935185185185183,108,6.935185185185185,6.935185185185185,6.935185185185185,16.32608695652174,46,16.32608695652174,16.32608695652174,16.32608695652174,26.026315789473692,38,26.026315789473685,26.026315789473685,26.026315789473685,35.666666666666664,30,35.666666666666664,35.666666666666664,35.666666666666664,18.560615121069986,18.560615121069986,18.560615121069986,9.421601731601733,9.421601731601733,9.421601731601733,61.0,60.0,61.0,0.0,58.0,58.0,58.0,0.0,False,True,True,False,,,False,False,0.0
Q2,Gemma-3-12B x Detailed,none,mean,Gemma-3-12B,Detailed,1,False,9.65969696969697,20.36248762974899,3.0804761904761904,7.539067524115736,933,7.539067524115735,7.539067524115735,7.539067524115735,9.925925925925926,108,9.925925925925926,9.925925925925926,9.925925925925926,19.39130434782609,46,19.391304347826086,19.391304347826086,19.391304347826086,26.28947368421053,38,26.289473684210527,26.289473684210527,26.289473684210527,38.666666666666664,30,38.666666666666664,38.666666666666664,38.666666666666664,20.36248762974899,20.36248762974899,20.36248762974899,9.65969696969697,9.65969696969697,9.65969696969697,62.0,62.0,62.0,0.0,60.0,60.0,60.0,0.0,False,True,True,False,,,False,False,0.0
Q2,Gemma-3-27B x Detailed,none,mean,Gemma-3-27B,Detailed,1,False,10.8852380952381,21.24909977111254,4.304718614718615,9.029421221864935,933,9.029421221864933,9.029421221864933,9.029421221864933,9.018518518518519,108,9.018518518518519,9.018518518518519,9.018518518518519,20.47826086956522,46,20.47826086956522,20.47826086956522,20.47826086956522,25.052631578947366,38,25.05263157894737,25.05263157894737,25.05263157894737,42.66666666666666,30,42.666666666666664,42.666666666666664,42.666666666666664,21.249099771112544,21.249099771112544,21.249099771112544,10.885238095238096,10.885238095238096,10.885238095238096,63.0,63.0,63.0,0.0,65.0,65.0,65.0,0.0,False,True,True,False,,,False,False,0.0
Q2,Llama-4-Maverick x Detailed,none,mean,Llama-4-Maverick,Detailed,1,False,8.264285714285714,30.03869191323369,-5.524112554112554,3.2124866023579814,933,3.212486602357981,3.212486602357981,3.212486602357981,16.870370370370367,108,16.87037037037037,16.87037037037037,16.87037037037037,32.391304347826086,46,32.391304347826086,32.391304347826086,32.391304347826086,38.05263157894737,38,38.05263157894737,38.05263157894737,38.05263157894737,59.66666666666666,30,59.666666666666664,59.666666666666664,59.666666666666664,30.03869191323369,30.03869191323369,30.03869191323369,8.264285714285714,8.264285714285714,8.264285714285714,65.0,65.0,65.0,0.0,51.0,51.0,51.0,0.0,False,True,True,False,,,False,False,0.0
Q2,Llama-4-Scout x Detailed,none,mean,Llama-4-Scout,Detailed,1,False,9.238831168831167,32.02873673963868,-5.0485281385281375,3.76189710610932,933,3.761897106109319,3.761897106109319,3.761897106109319,20.48148148148148,108,20.48148148148148,20.48148148148148,20.48148148148148,35.065217391304344,46,35.06521739130435,35.06521739130435,35.06521739130435,38.86842105263159,38,38.86842105263158,38.86842105263158,38.86842105263158,61.966666666666676,30,61.96666666666667,61.96666666666667,61.96666666666667,32.02873673963868,32.02873673963868,32.02873673963868,9.238831168831167,9.238831168831167,9.238831168831167,66.0,66.0,66.0,0.0,56.0,56.0,56.0,0.0,False,True,True,False,,,False,False,0.0
