question_id,row_type,model,prompt,cutoff,cutoff_label,n_retained,n_cell_usable,n_excluded_unusable_confidence,retained_fraction,pooled_mae,ci_lo,ci_hi,ci_method,n_boot_replicates_defined,boot_replicates_undefined_fraction,ci_degenerate,share_retained_0_20_bin,unfiltered_share_0_20_bin,row_type_perbin_change,representative_cutoff,representative_cutoff_retained_fraction,bin,n_before,mae_before,ci_lo_before,ci_hi_before,ci_method_before,n_boot_replicates_defined_before,ci_degenerate_before,n_after,mae_after,ci_lo_after,ci_hi_after,ci_method_after,n_boot_replicates_defined_after,ci_degenerate_after
Q5,single_configuration,Gemma-3-12B,Detailed,,retain_all,1155.0,1155.0,0.0,1.0,9.65969696969697,9.104739686190735,10.278927245397922,BCa,10000.0,0.0,False,0.8077922077922078,0.8077922077922078,,,,,,,,,,,,,,,,,,
Q5,single_configuration,Gemma-3-12B,Detailed,0.75,0.75,1155.0,1155.0,0.0,1.0,9.65969696969697,9.104739686190735,10.278927245397922,BCa,10000.0,0.0,False,0.8077922077922078,0.8077922077922078,,,,,,,,,,,,,,,,,,
Q5,single_configuration,Gemma-3-12B,Detailed,0.8,0.8,1151.0,1155.0,0.0,0.9965367965367965,9.610773240660295,9.057495570805235,10.226025323175255,BCa,10000.0,0.0,False,0.8088618592528236,0.8077922077922078,,,,,,,,,,,,,,,,,,
Q5,single_configuration,Gemma-3-12B,Detailed,0.85,0.85,835.0,1155.0,0.0,0.7229437229437229,12.188922155688623,11.490116488446052,12.947506966167147,BCa,10000.0,0.0,False,0.7377245508982035,0.8077922077922078,,,,,,,,,,,,,,,,,,
Q5,single_configuration,Gemma-3-12B,Detailed,0.95,0.95,3.0,1155.0,0.0,0.0025974025974025974,0.4166666666666667,0.0,0.75,"percentile (BCa fallback, degenerate: n_retained=3 < 30, 4.9% of replicates undefined)",9505.0,0.04949999999999999,True,1.0,0.8077922077922078,,,,,,,,,,,,,,,,,,
Q5,single_configuration,Gemma-3-12B,Detailed,1.0,1,2.0,1155.0,0.0,0.0017316017316017316,0.25,0.0,0.5,"percentile (BCa fallback, degenerate: n_retained=2 < 30, 13.4% of replicates undefined)",8657.0,0.13429999999999997,True,1.0,0.8077922077922078,,,,,,,,,,,,,,,,,,
Q5,single_configuration,Gemma-3-12B,Grid-Overlay,,retain_all,1142.0,1142.0,13.0,1.0,10.87377408056042,10.353624586641786,11.450077895525524,BCa,10000.0,0.0,False,0.8056042031523643,0.8077922077922078,,,,,,,,,,,,,,,,,,
Q5,single_configuration,Gemma-3-12B,Grid-Overlay,0.6,0.6,1142.0,1142.0,13.0,1.0,10.87377408056042,10.353624586641786,11.450077895525524,BCa,10000.0,0.0,False,0.8056042031523643,0.8077922077922078,,,,,,,,,,,,,,,,,,
Q5,single_configuration,Gemma-3-12B,Grid-Overlay,0.7,0.7,974.0,1142.0,13.0,0.8528896672504378,12.317197125256675,11.739230555121317,12.932530907604287,BCa,10000.0,0.0,False,0.7720739219712526,0.8077922077922078,,,,,,,,,,,,,,,,,,
Q5,single_configuration,Gemma-3-12B,Grid-Overlay,0.75,0.75,577.0,1142.0,13.0,0.5052539404553416,14.773656845753901,13.892599404739393,15.693233375591724,BCa,10000.0,0.0,False,0.6308492201039861,0.8077922077922078,,,,,,,,,,,,,,,,,,
Q5,single_configuration,Gemma-3-12B,Grid-Overlay,0.8,0.8,213.0,1142.0,13.0,0.18651488616462347,14.396478873239436,12.780939135016212,16.08623165088927,BCa,10000.0,0.0,False,0.38028169014084506,0.8077922077922078,,,,,,,,,,,,,,,,,,
Q5,single_configuration,Gemma-3-12B,Grid-Overlay,0.85,0.85,34.0,1142.0,13.0,0.0297723292469352,14.588235294117647,11.290196305732332,18.133333333333333,BCa,10000.0,0.0,False,0.17647058823529413,0.8077922077922078,,,,,,,,,,,,,,,,,,
Q5,single_configuration,Gemma-3-12B,Point-Hint,,retain_all,1109.0,1109.0,46.0,1.0,9.051127141568982,8.510401799217318,9.641987598489111,BCa,10000.0,0.0,False,0.799819657348963,0.8077922077922078,,,,,,,,,,,,,,,,,,
Q5,single_configuration,Gemma-3-12B,Point-Hint,0.6,0.6,1109.0,1109.0,46.0,1.0,9.051127141568982,8.510401799217318,9.641987598489111,BCa,10000.0,0.0,False,0.799819657348963,0.8077922077922078,,,,,,,,,,,,,,,,,,
Q5,single_configuration,Gemma-3-12B,Point-Hint,0.7,0.7,759.0,1109.0,46.0,0.6844003606853021,11.646442687747037,10.926857797924947,12.382946744912534,BCa,10000.0,0.0,False,0.7114624505928854,0.8077922077922078,,,,,,,,,,,,,,,,,,
Q5,single_configuration,Gemma-3-12B,Point-Hint,0.75,0.75,419.0,1109.0,46.0,0.37781785392245265,15.217422434367542,14.194131243900513,16.308307435221078,BCa,10000.0,0.0,False,0.5465393794749404,0.8077922077922078,,,,,,,,,,,,,,,,,,
Q5,single_configuration,Gemma-3-12B,Point-Hint,0.8,0.8,19.0,1109.0,46.0,0.017132551848512173,13.842105263157896,9.533333333333333,18.461531217766225,"BCa, degenerate: n_retained=19 < 30",10000.0,0.0,True,0.15789473684210525,0.8077922077922078,,,,,,,,,,,,,,,,,,
Q5,single_configuration,Gemma-3-12B,Point-Hint,0.85,0.85,14.0,1109.0,46.0,0.012623985572587917,15.0,10.142857142857142,20.300409566047183,"BCa, degenerate: n_retained=14 < 30",10000.0,0.0,True,0.14285714285714285,0.8077922077922078,,,,,,,,,,,,,,,,,,
Q5,single_configuration,Gemma-3-12B,Point-Hint,0.95,0.95,1.0,1109.0,46.0,0.0009017132551848512,3.0,3.0,3.0,"percentile (BCa fallback, degenerate: n_retained=1 < 30, 36.8% of replicates undefined)",6317.0,0.36829999999999996,True,1.0,0.8077922077922078,,,,,,,,,,,,,,,,,,
Q5,single_configuration,Gemma-3-12B,Short,,retain_all,1155.0,1155.0,0.0,1.0,9.437272727272727,8.905055877349673,9.985654369382196,BCa,10000.0,0.0,False,0.8077922077922078,0.8077922077922078,,,,,,,,,,,,,,,,,,
Q5,single_configuration,Gemma-3-12B,Short,0.6,0.6,1155.0,1155.0,0.0,1.0,9.437272727272727,8.905055877349673,9.985654369382196,BCa,10000.0,0.0,False,0.8077922077922078,0.8077922077922078,,,,,,,,,,,,,,,,,,
Q5,single_configuration,Gemma-3-12B,Short,0.7,0.7,1154.0,1155.0,0.0,0.9991341991341991,9.444584055459272,8.91563537080948,9.999548872646834,BCa,10000.0,0.0,False,0.8076256499133448,0.8077922077922078,,,,,,,,,,,,,,,,,,
Q5,single_configuration,Gemma-3-12B,Short,0.75,0.75,1027.0,1155.0,0.0,0.8891774891774892,10.124829600778968,9.541512419432436,10.726248712236274,BCa,10000.0,0.0,False,0.7838364167478091,0.8077922077922078,,,,,,,,,,,,,,,,,,
Q5,single_configuration,Gemma-3-12B,Short,0.8,0.8,663.0,1155.0,0.0,0.574025974025974,8.862217194570135,8.100607233518256,9.691331350073419,BCa,10000.0,0.0,False,0.722473604826546,0.8077922077922078,,,,,,,,,,,,,,,,,,
Q5,single_configuration,Gemma-3-12B,Short,0.85,0.85,126.0,1155.0,0.0,0.10909090909090909,14.029761904761905,11.924435523958872,16.401550794179215,BCa,10000.0,0.0,False,0.31746031746031744,0.8077922077922078,,,,,,,,,,,,,,,,,,
Q5,single_configuration,Gemma-3-12B,Short,0.95,0.95,21.0,1155.0,0.0,0.01818181818181818,0.37857142857142856,0.2,0.5930784008696395,"BCa, degenerate: n_retained=21 < 30",10000.0,0.0,True,1.0,0.8077922077922078,,,,,,,,,,,,,,,,,,
Q5,single_configuration,Gemma-3-12B,Short,1.0,1,17.0,1155.0,0.0,0.01471861471861472,0.23823529411764705,0.09333333333333334,0.4780358195401301,"BCa, degenerate: n_retained=17 < 30",10000.0,0.0,True,1.0,0.8077922077922078,,,,,,,,,,,,,,,,,,
Q5,single_configuration,Gemma-3-27B,Detailed,,retain_all,1155.0,1155.0,0.0,1.0,10.885238095238096,10.327772395317494,11.518415729768973,BCa,10000.0,0.0,False,0.8077922077922078,0.8077922077922078,,,,,,,,,,,,,,,,,,
Q5,single_configuration,Gemma-3-27B,Detailed,0.85,0.85,1155.0,1155.0,0.0,1.0,10.885238095238096,10.327772395317494,11.518415729768973,BCa,10000.0,0.0,False,0.8077922077922078,0.8077922077922078,,,,,,,,,,,,,,,,,,
Q5,single_configuration,Gemma-3-27B,Detailed,0.9,0.9,812.0,1155.0,0.0,0.703030303030303,8.632142857142858,8.177133132129468,9.187129668377422,BCa,10000.0,0.0,False,0.9310344827586207,0.8077922077922078,,,,,,,,,,,,,,,,,,
Q5,single_configuration,Gemma-3-27B,Detailed,0.95,0.95,94.0,1155.0,0.0,0.08138528138528138,4.481914893617021,4.1637223903659955,4.773157597856156,BCa,10000.0,0.0,False,0.9893617021276596,0.8077922077922078,,,,,,,,,,,,,,,,,,
Q5,single_configuration,Gemma-3-27B,Detailed,1.0,1,2.0,1155.0,0.0,0.0017316017316017316,0.125,0.0,0.25,"percentile (BCa fallback, degenerate: n_retained=2 < 30, 13.6% of replicates undefined)",8642.0,0.13580000000000003,True,1.0,0.8077922077922078,,,,,,,,,,,,,,,,,,
Q5,single_configuration,Gemma-3-27B,Grid-Overlay,,retain_all,1155.0,1155.0,0.0,1.0,12.342380952380953,11.836464955367527,12.863469374791146,BCa,10000.0,0.0,False,0.8077922077922078,0.8077922077922078,,,,,,,,,,,,,,,,,,
Q5,single_configuration,Gemma-3-27B,Grid-Overlay,0.8,0.8,1155.0,1155.0,0.0,1.0,12.342380952380953,11.836464955367527,12.863469374791146,BCa,10000.0,0.0,False,0.8077922077922078,0.8077922077922078,,,,,,,,,,,,,,,,,,
Q5,single_configuration,Gemma-3-27B,Grid-Overlay,0.85,0.85,792.0,1155.0,0.0,0.6857142857142857,13.250063131313132,12.641959898179957,13.936496367964729,BCa,10000.0,0.0,False,0.7563131313131313,0.8077922077922078,,,,,,,,,,,,,,,,,,
Q5,single_configuration,Gemma-3-27B,Grid-Overlay,0.9,0.9,80.0,1155.0,0.0,0.06926406926406926,4.821875,4.508449111055419,5.558046653948064,BCa,10000.0,0.0,False,0.975,0.8077922077922078,,,,,,,,,,,,,,,,,,
Q5,single_configuration,Gemma-3-27B,Grid-Overlay,0.95,0.95,27.0,1155.0,0.0,0.023376623376623377,4.2518518518518515,3.5813263572421965,4.6454206651783165,"BCa, degenerate: n_retained=27 < 30",10000.0,0.0,True,1.0,0.8077922077922078,,,,,,,,,,,,,,,,,,
Q5,single_configuration,Gemma-3-27B,Grid-Overlay,1.0,1,2.0,1155.0,0.0,0.0017316017316017316,0.625,0.25,1.0,"percentile (BCa fallback, degenerate: n_retained=2 < 30, 13.6% of replicates undefined)",8636.0,0.13639999999999997,True,1.0,0.8077922077922078,,,,,,,,,,,,,,,,,,
Q5,single_configuration,Gemma-3-27B,Point-Hint,,retain_all,1155.0,1155.0,0.0,1.0,9.694329004329004,9.223110201051231,10.19095410589583,BCa,10000.0,0.0,False,0.8077922077922078,0.8077922077922078,,,,,,,,,,,,,,,,,,
Q5,single_configuration,Gemma-3-27B,Point-Hint,0.7,0.7,1155.0,1155.0,0.0,1.0,9.694329004329004,9.223110201051231,10.19095410589583,BCa,10000.0,0.0,False,0.8077922077922078,0.8077922077922078,,,,,,,,,,,,,,,,,,
Q5,single_configuration,Gemma-3-27B,Point-Hint,0.75,0.75,1152.0,1155.0,0.0,0.9974025974025974,9.708029513888889,9.239629088883076,10.2107934411442,BCa,10000.0,0.0,False,0.8072916666666666,0.8077922077922078,,,,,,,,,,,,,,,,,,
Q5,single_configuration,Gemma-3-27B,Point-Hint,0.8,0.8,1085.0,1155.0,0.0,0.9393939393939394,10.001152073732719,9.51055210065625,10.537271724099243,BCa,10000.0,0.0,False,0.7953917050691244,0.8077922077922078,,,,,,,,,,,,,,,,,,
Q5,single_configuration,Gemma-3-27B,Point-Hint,0.85,0.85,127.0,1155.0,0.0,0.10995670995670996,10.900787401574805,9.258229491226185,12.806238518975421,BCa,10000.0,0.0,False,0.5905511811023622,0.8077922077922078,,,,,,,,,,,,,,,,,,
Q5,single_configuration,Gemma-3-27B,Point-Hint,0.95,0.95,1.0,1155.0,0.0,0.0008658008658008658,1.0,1.0,1.0,"percentile (BCa fallback, degenerate: n_retained=1 < 30, 36.4% of replicates undefined)",6356.0,0.36439999999999995,True,1.0,0.8077922077922078,,,,,,,,,,,,,,,,,,
Q5,single_configuration,Gemma-3-27B,Short,,retain_all,1155.0,1155.0,0.0,1.0,8.002987012987012,7.551890572038712,8.51984048857719,BCa,10000.0,0.0,False,0.8077922077922078,0.8077922077922078,,,,,,,,,,,,,,,,,,
Q5,single_configuration,Gemma-3-27B,Short,0.8,0.8,1155.0,1155.0,0.0,1.0,8.002987012987012,7.551890572038712,8.51984048857719,BCa,10000.0,0.0,False,0.8077922077922078,0.8077922077922078,,,,,,,,,,,,,,,,,,
Q5,single_configuration,Gemma-3-27B,Short,0.85,0.85,1122.0,1155.0,0.0,0.9714285714285714,8.109358288770053,7.6492039871080895,8.636496659934114,BCa,10000.0,0.0,False,0.803921568627451,0.8077922077922078,,,,,,,,,,,,,,,,,,
Q5,single_configuration,Gemma-3-27B,Short,0.9,0.9,242.0,1155.0,0.0,0.20952380952380953,4.092561983471075,3.8237349526428623,4.421942166617528,BCa,10000.0,0.0,False,0.9628099173553719,0.8077922077922078,,,,,,,,,,,,,,,,,,
Q5,single_configuration,Gemma-3-27B,Short,0.95,0.95,58.0,1155.0,0.0,0.050216450216450215,2.711206896551724,2.2102464415632226,3.300454916139651,BCa,10000.0,0.0,False,0.9827586206896551,0.8077922077922078,,,,,,,,,,,,,,,,,,
Q5,single_configuration,Gemma-3-27B,Short,1.0,1,12.0,1155.0,0.0,0.01038961038961039,0.5208333333333334,0.17857142857142858,1.1194690904100084,"BCa, degenerate: n_retained=12 < 30",10000.0,0.0,True,1.0,0.8077922077922078,,,,,,,,,,,,,,,,,,
Q5,single_configuration,Llama-4-Maverick,Detailed,,retain_all,1155.0,1155.0,0.0,1.0,8.264285714285714,7.4223228882460655,9.166094143743285,BCa,10000.0,0.0,False,0.8077922077922078,0.8077922077922078,,,,,,,,,,,,,,,,,,
Q5,single_configuration,Llama-4-Maverick,Detailed,0.5,0.5,1155.0,1155.0,0.0,1.0,8.264285714285714,7.4223228882460655,9.166094143743285,BCa,10000.0,0.0,False,0.8077922077922078,0.8077922077922078,,,,,,,,,,,,,,,,,,
Q5,single_configuration,Llama-4-Maverick,Detailed,0.6,0.6,1154.0,1155.0,0.0,0.9991341991341991,8.204722703639515,7.374027805389008,9.113683998263339,BCa,10000.0,0.0,False,0.8084922010398613,0.8077922077922078,,,,,,,,,,,,,,,,,,
Q5,single_configuration,Llama-4-Maverick,Detailed,0.7,0.7,1153.0,1155.0,0.0,0.9982683982683983,8.210971379011275,7.3785991244622195,9.119931371221519,BCa,10000.0,0.0,False,0.808326105810928,0.8077922077922078,,,,,,,,,,,,,,,,,,
Q5,single_configuration,Llama-4-Maverick,Detailed,0.8,0.8,1143.0,1155.0,0.0,0.9896103896103896,8.021216097987752,7.2061829629943155,8.917542194548767,BCa,10000.0,0.0,False,0.8110236220472441,0.8077922077922078,,,,,,,,,,,,,,,,,,
Q5,single_configuration,Llama-4-Maverick,Detailed,0.85,0.85,793.0,1155.0,0.0,0.6865800865800866,6.542118537200504,5.62587527871018,7.632039219318087,BCa,10000.0,0.0,False,0.8738965952080706,0.8077922077922078,,,,,,,,,,,,,,,,,,
Q5,single_configuration,Llama-4-Maverick,Detailed,0.9,0.9,774.0,1155.0,0.0,0.6701298701298701,6.373255813953488,5.439411812281001,7.479098430532918,BCa,10000.0,0.0,False,0.8914728682170543,0.8077922077922078,,,,,,,,,,,,,,,,,,
Q5,single_configuration,Llama-4-Maverick,Detailed,0.95,0.95,567.0,1155.0,0.0,0.4909090909090909,6.169135802469136,5.028875295071368,7.595547878807684,BCa,10000.0,0.0,False,0.9029982363315696,0.8077922077922078,,,,,,,,,,,,,,,,,,
Q5,single_configuration,Llama-4-Maverick,Detailed,1.0,1,387.0,1155.0,0.0,0.33506493506493507,2.8015503875968992,2.0165633752789325,3.99361575545973,BCa,10000.0,0.0,False,0.9560723514211886,0.8077922077922078,,,,,,,,,,,,,,,,,,
Q5,single_configuration,Llama-4-Maverick,Grid-Overlay,,retain_all,1155.0,1155.0,0.0,1.0,6.0750216450216445,5.60696160676051,6.580024631181839,BCa,10000.0,0.0,False,0.8077922077922078,0.8077922077922078,,,,,,,,,,,,,,,,,,
Q5,single_configuration,Llama-4-Maverick,Grid-Overlay,0.7,0.7,1155.0,1155.0,0.0,1.0,6.0750216450216445,5.60696160676051,6.580024631181839,BCa,10000.0,0.0,False,0.8077922077922078,0.8077922077922078,,,,,,,,,,,,,,,,,,
Q5,single_configuration,Llama-4-Maverick,Grid-Overlay,0.8,0.8,1151.0,1155.0,0.0,0.9965367965367965,6.0405299739357075,5.576239382470504,6.54762157431882,BCa,10000.0,0.0,False,0.8097306689834927,0.8077922077922078,,,,,,,,,,,,,,,,,,
Q5,single_configuration,Llama-4-Maverick,Grid-Overlay,0.85,0.85,655.0,1155.0,0.0,0.5670995670995671,2.884198473282443,2.481289260755515,3.414397212805505,BCa,10000.0,0.0,False,0.9145038167938931,0.8077922077922078,,,,,,,,,,,,,,,,,,
Q5,single_configuration,Llama-4-Maverick,Grid-Overlay,0.9,0.9,653.0,1155.0,0.0,0.5653679653679654,2.882312404287902,2.4773118060881254,3.4145418722989525,BCa,10000.0,0.0,False,0.9142419601837672,0.8077922077922078,,,,,,,,,,,,,,,,,,
Q5,single_configuration,Llama-4-Maverick,Grid-Overlay,0.95,0.95,422.0,1155.0,0.0,0.36536796536796534,0.6299763033175356,0.5365225549490957,0.7524827063636476,BCa,10000.0,0.0,False,0.995260663507109,0.8077922077922078,,,,,,,,,,,,,,,,,,
Q5,single_configuration,Llama-4-Maverick,Grid-Overlay,1.0,1,389.0,1155.0,0.0,0.3367965367965368,0.5634961439588688,0.4717937857782003,0.6852214876360551,BCa,10000.0,0.0,False,1.0,0.8077922077922078,,,,,,,,,,,,,,,,,,
Q5,single_configuration,Llama-4-Maverick,Point-Hint,,retain_all,1154.0,1154.0,1.0,1.0,6.464341421143848,5.959299875739498,7.013438409554095,BCa,10000.0,0.0,False,0.8076256499133448,0.8077922077922078,,,,,,,,,,,,,,,,,,
Q5,single_configuration,Llama-4-Maverick,Point-Hint,0.5,0.5,1154.0,1154.0,1.0,1.0,6.464341421143848,5.959299875739498,7.013438409554095,BCa,10000.0,0.0,False,0.8076256499133448,0.8077922077922078,,,,,,,,,,,,,,,,,,
Q5,single_configuration,Llama-4-Maverick,Point-Hint,0.7,0.7,1153.0,1154.0,1.0,0.9991334488734835,6.468213356461406,5.963363207694446,7.019543164959545,BCa,10000.0,0.0,False,0.8074588031222897,0.8077922077922078,,,,,,,,,,,,,,,,,,
Q5,single_configuration,Llama-4-Maverick,Point-Hint,0.75,0.75,1146.0,1154.0,1.0,0.9930675909878682,6.420462478184992,5.927212338556374,6.974882223594623,BCa,10000.0,0.0,False,0.8089005235602095,0.8077922077922078,,,,,,,,,,,,,,,,,,
Q5,single_configuration,Llama-4-Maverick,Point-Hint,0.8,0.8,1144.0,1154.0,1.0,0.9913344887348353,6.419886363636364,5.92562664307653,6.974876150562632,BCa,10000.0,0.0,False,0.8094405594405595,0.8077922077922078,,,,,,,,,,,,,,,,,,
Q5,single_configuration,Llama-4-Maverick,Point-Hint,0.85,0.85,475.0,1154.0,1.0,0.41161178509532065,1.9377894736842107,1.5814295661146835,2.4042327476862093,BCa,10000.0,0.0,False,0.9178947368421052,0.8077922077922078,,,,,,,,,,,,,,,,,,
Q5,single_configuration,Llama-4-Maverick,Point-Hint,0.9,0.9,472.0,1154.0,1.0,0.4090121317157712,1.8537076271186441,1.5086075307713473,2.282425169855222,BCa,10000.0,0.0,False,0.9173728813559322,0.8077922077922078,,,,,,,,,,,,,,,,,,
Q5,single_configuration,Llama-4-Maverick,Point-Hint,0.95,0.95,410.0,1154.0,1.0,0.35528596187175043,0.7895121951219511,0.6417687446351165,0.990220767805547,BCa,10000.0,0.0,False,0.9902439024390244,0.8077922077922078,,,,,,,,,,,,,,,,,,
Q5,single_configuration,Llama-4-Maverick,Point-Hint,0.99,0.99,341.0,1154.0,1.0,0.2954939341421144,0.5533724340175953,0.44671790575074316,0.7257740032116454,BCa,10000.0,0.0,False,1.0,0.8077922077922078,,,,,,,,,,,,,,,,,,
Q5,single_configuration,Llama-4-Maverick,Point-Hint,1.0,1,338.0,1154.0,1.0,0.292894280762565,0.556508875739645,0.44892361721463925,0.7298571830250017,BCa,10000.0,0.0,False,1.0,0.8077922077922078,,,,,,,,,,,,,,,,,,
Q5,single_configuration,Llama-4-Maverick,Short,,retain_all,1155.0,1155.0,0.0,1.0,6.116320346320347,5.632985225154974,6.6617520630848235,BCa,10000.0,0.0,False,0.8077922077922078,0.8077922077922078,,,,,,,,,,,,,,,,,,
Q5,single_configuration,Llama-4-Maverick,Short,0.8,0.8,1155.0,1155.0,0.0,1.0,6.116320346320347,5.632985225154974,6.6617520630848235,BCa,10000.0,0.0,False,0.8077922077922078,0.8077922077922078,,,,,,,,,,,,,,,,,,
Q5,single_configuration,Llama-4-Maverick,Short,0.85,0.85,493.0,1155.0,0.0,0.42683982683982685,2.0150101419878297,1.6162888745179451,2.644487060486137,BCa,10000.0,0.0,False,0.920892494929006,0.8077922077922078,,,,,,,,,,,,,,,,,,
Q5,single_configuration,Llama-4-Maverick,Short,0.9,0.9,492.0,1155.0,0.0,0.42597402597402595,2.006910569105691,1.6065775166788065,2.638195373469896,BCa,10000.0,0.0,False,0.9227642276422764,0.8077922077922078,,,,,,,,,,,,,,,,,,
Q5,single_configuration,Llama-4-Maverick,Short,0.95,0.95,382.0,1155.0,0.0,0.3307359307359307,0.5489528795811519,0.4382991790552082,0.7212654106826383,BCa,10000.0,0.0,False,0.9973821989528796,0.8077922077922078,,,,,,,,,,,,,,,,,,
Q5,single_configuration,Llama-4-Maverick,Short,1.0,1,190.0,1155.0,0.0,0.1645021645021645,0.26684210526315794,0.19646637479651832,0.3689523930495654,BCa,10000.0,0.0,False,1.0,0.8077922077922078,,,,,,,,,,,,,,,,,,
Q5,single_configuration,Llama-4-Scout,Detailed,,retain_all,1135.0,1135.0,20.0,1.0,9.069471365638766,8.211931380135947,10.099837386022807,BCa,10000.0,0.0,False,0.8193832599118943,0.8077922077922078,,,,,,,,,,,,,,,,,,
Q5,single_configuration,Llama-4-Scout,Detailed,0.5,0.5,1135.0,1135.0,20.0,1.0,9.069471365638766,8.211931380135947,10.099837386022807,BCa,10000.0,0.0,False,0.8193832599118943,0.8077922077922078,,,,,,,,,,,,,,,,,,
Q5,single_configuration,Llama-4-Scout,Detailed,0.7,0.7,1117.0,1135.0,20.0,0.9841409691629956,8.975470008952552,8.114155841566095,9.993621095373987,BCa,10000.0,0.0,False,0.8200537153088631,0.8077922077922078,,,,,,,,,,,,,,,,,,
Q5,single_configuration,Llama-4-Scout,Detailed,0.75,0.75,1054.0,1135.0,20.0,0.9286343612334802,8.708349146110058,7.81664703407089,9.765820154963327,BCa,10000.0,0.0,False,0.8282732447817837,0.8077922077922078,,,,,,,,,,,,,,,,,,
Q5,single_configuration,Llama-4-Scout,Detailed,0.8,0.8,1051.0,1135.0,20.0,0.9259911894273127,8.648049476688866,7.745789224147011,9.697853053435113,BCa,10000.0,0.0,False,0.829686013320647,0.8077922077922078,,,,,,,,,,,,,,,,,,
Q5,single_configuration,Llama-4-Scout,Detailed,0.85,0.85,575.0,1135.0,20.0,0.5066079295154186,8.263565217391303,6.861161747208162,9.971515442303799,BCa,10000.0,0.0,False,0.8626086956521739,0.8077922077922078,,,,,,,,,,,,,,,,,,
Q5,single_configuration,Llama-4-Scout,Detailed,0.9,0.9,573.0,1135.0,20.0,0.5048458149779735,8.198167539267017,6.796746333327011,9.915200238193835,BCa,10000.0,0.0,False,0.8656195462478184,0.8077922077922078,,,,,,,,,,,,,,,,,,
Q5,single_configuration,Llama-4-Scout,Detailed,0.95,0.95,491.0,1135.0,20.0,0.4325991189427313,6.582281059063137,5.202643194567791,8.293349471487774,BCa,10000.0,0.0,False,0.8961303462321792,0.8077922077922078,,,,,,,,,,,,,,,,,,
Q5,single_configuration,Llama-4-Scout,Detailed,1.0,1,366.0,1135.0,20.0,0.3224669603524229,3.405464480874317,2.352602321598544,5.015605332745447,BCa,10000.0,0.0,False,0.9480874316939891,0.8077922077922078,,,,,,,,,,,,,,,,,,
Q5,single_configuration,Llama-4-Scout,Grid-Overlay,,retain_all,1155.0,1155.0,0.0,1.0,6.694415584415584,6.163452974988168,7.291560889538245,BCa,10000.0,0.0,False,0.8077922077922078,0.8077922077922078,,,,,,,,,,,,,,,,,,
Q5,single_configuration,Llama-4-Scout,Grid-Overlay,0.5,0.5,1155.0,1155.0,0.0,1.0,6.694415584415584,6.163452974988168,7.291560889538245,BCa,10000.0,0.0,False,0.8077922077922078,0.8077922077922078,,,,,,,,,,,,,,,,,,
Q5,single_configuration,Llama-4-Scout,Grid-Overlay,0.7,0.7,1109.0,1155.0,0.0,0.9601731601731601,6.7503606853020734,6.20358513931007,7.362245468957545,BCa,10000.0,0.0,False,0.8052299368800722,0.8077922077922078,,,,,,,,,,,,,,,,,,
Q5,single_configuration,Llama-4-Scout,Grid-Overlay,0.8,0.8,1057.0,1155.0,0.0,0.9151515151515152,6.662204351939451,6.106273717140582,7.298908071801461,BCa,10000.0,0.0,False,0.8051087984862819,0.8077922077922078,,,,,,,,,,,,,,,,,,
Q5,single_configuration,Llama-4-Scout,Grid-Overlay,0.85,0.85,612.0,1155.0,0.0,0.5298701298701298,4.523039215686274,3.9079050678260567,5.299936335032836,BCa,10000.0,0.0,False,0.8725490196078431,0.8077922077922078,,,,,,,,,,,,,,,,,,
Q5,single_configuration,Llama-4-Scout,Grid-Overlay,0.9,0.9,607.0,1155.0,0.0,0.5255411255411255,4.492751235584844,3.8740963411765432,5.276127466153005,BCa,10000.0,0.0,False,0.8747940691927513,0.8077922077922078,,,,,,,,,,,,,,,,,,
Q5,single_configuration,Llama-4-Scout,Grid-Overlay,0.95,0.95,334.0,1155.0,0.0,0.2891774891774892,2.0580838323353294,1.5017999196987069,2.899401304631054,BCa,10000.0,0.0,False,0.9431137724550899,0.8077922077922078,,,,,,,,,,,,,,,,,,
Q5,single_configuration,Llama-4-Scout,Grid-Overlay,1.0,1,295.0,1155.0,0.0,0.2554112554112554,1.2854237288135593,0.872945649605226,2.0839931925724215,BCa,10000.0,0.0,False,0.9694915254237289,0.8077922077922078,,,,,,,,,,,,,,,,,,
Q5,single_configuration,Llama-4-Scout,Point-Hint,,retain_all,1131.0,1131.0,24.0,1.0,7.518594164456232,6.9427778635930935,8.155889917008627,BCa,10000.0,0.0,False,0.8196286472148541,0.8077922077922078,,,,,,,,,,,,,,,,,,
Q5,single_configuration,Llama-4-Scout,Point-Hint,0.0,0,1131.0,1131.0,24.0,1.0,7.518594164456232,6.9427778635930935,8.155889917008627,BCa,10000.0,0.0,False,0.8196286472148541,0.8077922077922078,,,,,,,,,,,,,,,,,,
Q5,single_configuration,Llama-4-Scout,Point-Hint,0.1,0.1,1130.0,1131.0,24.0,0.9991158267020336,7.525159292035399,6.947855766625869,8.159751223811123,BCa,10000.0,0.0,False,0.8194690265486726,0.8077922077922078,,,,,,,,,,,,,,,,,,
Q5,single_configuration,Llama-4-Scout,Point-Hint,0.5,0.5,1128.0,1131.0,24.0,0.9973474801061007,7.520328014184398,6.9423391972008615,8.156075934068237,BCa,10000.0,0.0,False,0.8200354609929078,0.8077922077922078,,,,,,,,,,,,,,,,,,
Q5,single_configuration,Llama-4-Scout,Point-Hint,0.6,0.6,1033.0,1131.0,24.0,0.9133510167992926,7.764937076476282,7.144616387301968,8.446184415374,BCa,10000.0,0.0,False,0.8092933204259438,0.8077922077922078,,,,,,,,,,,,,,,,,,
Q5,single_configuration,Llama-4-Scout,Point-Hint,0.7,0.7,1031.0,1131.0,24.0,0.9115826702033598,7.7751503394762365,7.154030892775608,8.456499640952565,BCa,10000.0,0.0,False,0.8098933074684772,0.8077922077922078,,,,,,,,,,,,,,,,,,
Q5,single_configuration,Llama-4-Scout,Point-Hint,0.8,0.8,986.0,1131.0,24.0,0.8717948717948718,7.686795131845842,7.052369922338829,8.388295841798728,BCa,10000.0,0.0,False,0.8073022312373225,0.8077922077922078,,,,,,,,,,,,,,,,,,
Q5,single_configuration,Llama-4-Scout,Point-Hint,0.85,0.85,432.0,1131.0,24.0,0.3819628647214854,3.7560879629629627,3.0354222049494077,4.7169883886045465,BCa,10000.0,0.0,False,0.875,0.8077922077922078,,,,,,,,,,,,,,,,,,
Q5,single_configuration,Llama-4-Scout,Point-Hint,0.9,0.9,412.0,1131.0,24.0,0.36427939876215737,3.321917475728155,2.6252100941211665,4.311032579136956,BCa,10000.0,0.0,False,0.8883495145631068,0.8077922077922078,,,,,,,,,,,,,,,,,,
Q5,single_configuration,Llama-4-Scout,Point-Hint,0.95,0.95,296.0,1131.0,24.0,0.26171529619805484,2.307364864864865,1.7185171999319422,3.1281037691800835,BCa,10000.0,0.0,False,0.9290540540540541,0.8077922077922078,,,,,,,,,,,,,,,,,,
Q5,single_configuration,Llama-4-Scout,Point-Hint,1.0,1,211.0,1131.0,24.0,0.1865605658709107,0.36492890995260663,0.2439440012056614,0.6426271312778294,BCa,10000.0,0.0,False,1.0,0.8077922077922078,,,,,,,,,,,,,,,,,,
Q5,single_configuration,Llama-4-Scout,Short,,retain_all,1155.0,1155.0,0.0,1.0,6.305844155844156,5.810397853563749,6.871288940952397,BCa,10000.0,0.0,False,0.8077922077922078,0.8077922077922078,,,,,,,,,,,,,,,,,,
Q5,single_configuration,Llama-4-Scout,Short,0.8,0.8,1155.0,1155.0,0.0,1.0,6.305844155844156,5.810397853563749,6.871288940952397,BCa,10000.0,0.0,False,0.8077922077922078,0.8077922077922078,,,,,,,,,,,,,,,,,,
Q5,single_configuration,Llama-4-Scout,Short,0.9,0.9,421.0,1155.0,0.0,0.3645021645021645,0.669477434679335,0.5419535812924642,0.8813740773212112,BCa,10000.0,0.0,False,0.9857482185273159,0.8077922077922078,,,,,,,,,,,,,,,,,,
Q5,single_configuration,Llama-4-Scout,Short,1.0,1,414.0,1155.0,0.0,0.35844155844155845,0.5897342995169081,0.48262032156694334,0.7623610895441143,BCa,10000.0,0.0,False,1.0,0.8077922077922078,,,,,,,,,,,,,,,,,,
Q5,single_configuration,Mistral-Small-3.2,Detailed,,retain_all,1155.0,1155.0,0.0,1.0,9.421601731601733,8.89939393939394,9.970953698354478,BCa,10000.0,0.0,False,0.8077922077922078,0.8077922077922078,,,,,,,,,,,,,,,,,,
Q5,single_configuration,Mistral-Small-3.2,Detailed,0.6,0.6,1155.0,1155.0,0.0,1.0,9.421601731601733,8.89939393939394,9.970953698354478,BCa,10000.0,0.0,False,0.8077922077922078,0.8077922077922078,,,,,,,,,,,,,,,,,,
Q5,single_configuration,Mistral-Small-3.2,Detailed,0.7,0.7,1149.0,1155.0,0.0,0.9948051948051948,9.444778067885117,8.91925056739693,9.994681592639676,BCa,10000.0,0.0,False,0.8067885117493473,0.8077922077922078,,,,,,,,,,,,,,,,,,
Q5,single_configuration,Mistral-Small-3.2,Detailed,0.75,0.75,73.0,1155.0,0.0,0.0632034632034632,11.582191780821917,8.913904539383713,14.887847945121463,BCa,10000.0,0.0,False,0.2465753424657534,0.8077922077922078,,,,,,,,,,,,,,,,,,
Q5,single_configuration,Mistral-Small-3.2,Detailed,0.8,0.8,41.0,1155.0,0.0,0.0354978354978355,9.670731707317072,6.472587032033328,14.078832464233773,BCa,10000.0,0.0,False,0.43902439024390244,0.8077922077922078,,,,,,,,,,,,,,,,,,
Q5,single_configuration,Mistral-Small-3.2,Detailed,0.85,0.85,19.0,1155.0,0.0,0.01645021645021645,4.184210526315789,1.3714142974777561,10.306390853554749,"BCa, degenerate: n_retained=19 < 30",10000.0,0.0,True,0.7368421052631579,0.8077922077922078,,,,,,,,,,,,,,,,,,
Q5,single_configuration,Mistral-Small-3.2,Detailed,0.9,0.9,14.0,1155.0,0.0,0.012121212121212121,0.39285714285714285,0.10909090909090909,1.2402410402594575,"BCa, degenerate: n_retained=14 < 30",10000.0,0.0,True,1.0,0.8077922077922078,,,,,,,,,,,,,,,,,,
Q5,single_configuration,Mistral-Small-3.2,Detailed,0.95,0.95,13.0,1155.0,0.0,0.011255411255411256,0.4230769230769231,0.11818181818181818,1.308436189981876,"BCa, degenerate: n_retained=13 < 30",10000.0,0.0,True,1.0,0.8077922077922078,,,,,,,,,,,,,,,,,,
Q5,single_configuration,Mistral-Small-3.2,Grid-Overlay,,retain_all,1150.0,1150.0,5.0,1.0,7.344478260869565,6.878392533918012,7.839136439598362,BCa,10000.0,0.0,False,0.8069565217391305,0.8077922077922078,,,,,,,,,,,,,,,,,,
Q5,single_configuration,Mistral-Small-3.2,Grid-Overlay,0.7,0.7,1150.0,1150.0,5.0,1.0,7.344478260869565,6.878392533918012,7.839136439598362,BCa,10000.0,0.0,False,0.8069565217391305,0.8077922077922078,,,,,,,,,,,,,,,,,,
Q5,single_configuration,Mistral-Small-3.2,Grid-Overlay,0.8,0.8,169.0,1150.0,5.0,0.14695652173913043,1.7393491124260354,1.396939717501072,2.3213250740885427,BCa,10000.0,0.0,False,0.9585798816568047,0.8077922077922078,,,,,,,,,,,,,,,,,,
Q5,single_configuration,Mistral-Small-3.2,Grid-Overlay,0.9,0.9,30.0,1150.0,5.0,0.02608695652173913,0.2116666666666667,0.0546875,0.8074391766031697,BCa,10000.0,0.0,False,1.0,0.8077922077922078,,,,,,,,,,,,,,,,,,
Q5,single_configuration,Mistral-Small-3.2,Point-Hint,,retain_all,1155.0,1155.0,0.0,1.0,6.560389610389611,6.089572334769454,7.087892287358806,BCa,10000.0,0.0,False,0.8077922077922078,0.8077922077922078,,,,,,,,,,,,,,,,,,
Q5,single_configuration,Mistral-Small-3.2,Point-Hint,0.7,0.7,1155.0,1155.0,0.0,1.0,6.560389610389611,6.089572334769454,7.087892287358806,BCa,10000.0,0.0,False,0.8077922077922078,0.8077922077922078,,,,,,,,,,,,,,,,,,
Q5,single_configuration,Mistral-Small-3.2,Point-Hint,0.75,0.75,952.0,1155.0,0.0,0.8242424242424242,6.795850840336134,6.240993022079823,7.414097493082688,BCa,10000.0,0.0,False,0.7773109243697479,0.8077922077922078,,,,,,,,,,,,,,,,,,
Q5,single_configuration,Mistral-Small-3.2,Point-Hint,0.8,0.8,951.0,1155.0,0.0,0.8233766233766234,6.781966351209253,6.221241941142722,7.398094847789414,BCa,10000.0,0.0,False,0.7781282860147214,0.8077922077922078,,,,,,,,,,,,,,,,,,
Q5,single_configuration,Mistral-Small-3.2,Point-Hint,0.85,0.85,273.0,1155.0,0.0,0.23636363636363636,7.700183150183149,6.4314225705811925,9.130193294054974,BCa,10000.0,0.0,False,0.5934065934065934,0.8077922077922078,,,,,,,,,,,,,,,,,,
Q5,single_configuration,Mistral-Small-3.2,Point-Hint,0.9,0.9,142.0,1155.0,0.0,0.12294372294372294,0.48133802816901405,0.3411786813667681,0.7007156965764122,BCa,10000.0,0.0,False,1.0,0.8077922077922078,,,,,,,,,,,,,,,,,,
Q5,single_configuration,Mistral-Small-3.2,Point-Hint,0.95,0.95,8.0,1155.0,0.0,0.006926406926406926,0.525,0.0,1.64,"percentile (BCa fallback, degenerate: n_retained=8 < 30, 0.0% of replicates undefined)",9997.0,0.00029999999999996696,True,1.0,0.8077922077922078,,,,,,,,,,,,,,,,,,
Q5,single_configuration,Mistral-Small-3.2,Short,,retain_all,1155.0,1155.0,0.0,1.0,7.067229437229438,6.605866977874569,7.592316678652332,BCa,10000.0,0.0,False,0.8077922077922078,0.8077922077922078,,,,,,,,,,,,,,,,,,
Q5,single_configuration,Mistral-Small-3.2,Short,0.7,0.7,1155.0,1155.0,0.0,1.0,7.067229437229438,6.605866977874569,7.592316678652332,BCa,10000.0,0.0,False,0.8077922077922078,0.8077922077922078,,,,,,,,,,,,,,,,,,
Q5,single_configuration,Mistral-Small-3.2,Short,0.75,0.75,137.0,1155.0,0.0,0.11861471861471862,5.944160583941606,4.4459469262322875,7.847963853274606,BCa,10000.0,0.0,False,0.6423357664233577,0.8077922077922078,,,,,,,,,,,,,,,,,,
Q5,single_configuration,Mistral-Small-3.2,Short,0.8,0.8,97.0,1155.0,0.0,0.08398268398268398,1.653092783505155,0.9097113459885084,2.8375577375194827,BCa,10000.0,0.0,False,0.8969072164948454,0.8077922077922078,,,,,,,,,,,,,,,,,,
Q5,single_configuration,Mistral-Small-3.2,Short,0.85,0.85,94.0,1155.0,0.0,0.08138528138528138,1.4079787234042553,0.7230975794238749,2.571477989592947,BCa,10000.0,0.0,False,0.925531914893617,0.8077922077922078,,,,,,,,,,,,,,,,,,
Q5,single_configuration,Mistral-Small-3.2,Short,0.9,0.9,87.0,1155.0,0.0,0.07532467532467532,0.26839080459770115,0.16577569739012873,0.45693108956309963,BCa,10000.0,0.0,False,1.0,0.8077922077922078,,,,,,,,,,,,,,,,,,
Q5,single_configuration,Mistral-Small-3.2,Short,0.95,0.95,1.0,1155.0,0.0,0.0008658008658008658,0.0,0.0,0.0,"percentile (BCa fallback, degenerate: n_retained=1 < 30, 36.5% of replicates undefined)",6346.0,0.36539999999999995,True,1.0,0.8077922077922078,,,,,,,,,,,,,,,,,,
Q5,single_configuration,Qwen-2.5,Detailed,,retain_all,1155.0,1155.0,0.0,1.0,6.020822510822511,5.53119168442371,6.523535263877255,BCa,10000.0,0.0,False,0.8077922077922078,0.8077922077922078,,,,,,,,,,,,,,,,,,
Q5,single_configuration,Qwen-2.5,Detailed,0.8,0.8,1155.0,1155.0,0.0,1.0,6.020822510822511,5.53119168442371,6.523535263877255,BCa,10000.0,0.0,False,0.8077922077922078,0.8077922077922078,,,,,,,,,,,,,,,,,,
Q5,single_configuration,Qwen-2.5,Detailed,0.85,0.85,356.0,1155.0,0.0,0.30822510822510824,1.421629213483146,1.098398210633949,1.8719598951465821,BCa,10000.0,0.0,False,0.9269662921348315,0.8077922077922078,,,,,,,,,,,,,,,,,,
Q5,single_configuration,Qwen-2.5,Detailed,0.9,0.9,273.0,1155.0,0.0,0.23636363636363636,0.5822344322344322,0.4145730519052712,0.8487029902923829,BCa,10000.0,0.0,False,0.9816849816849816,0.8077922077922078,,,,,,,,,,,,,,,,,,
Q5,single_configuration,Qwen-2.5,Detailed,0.95,0.95,248.0,1155.0,0.0,0.21471861471861473,0.23205645161290323,0.1771638392037732,0.3154144713467678,BCa,10000.0,0.0,False,1.0,0.8077922077922078,,,,,,,,,,,,,,,,,,
Q5,single_configuration,Qwen-2.5,Detailed,1.0,1,45.0,1155.0,0.0,0.03896103896103896,0.09222222222222223,0.05217391304347826,0.1602358164852585,BCa,10000.0,0.0,False,1.0,0.8077922077922078,,,,,,,,,,,,,,,,,,
Q5,single_configuration,Qwen-2.5,Grid-Overlay,,retain_all,1155.0,1155.0,0.0,1.0,7.396580086580086,6.907302831219065,7.928502119146994,BCa,10000.0,0.0,False,0.8077922077922078,0.8077922077922078,,,,,,,,,,,,,,,,,,
Q5,single_configuration,Qwen-2.5,Grid-Overlay,0.8,0.8,1155.0,1155.0,0.0,1.0,7.396580086580086,6.907302831219065,7.928502119146994,BCa,10000.0,0.0,False,0.8077922077922078,0.8077922077922078,,,,,,,,,,,,,,,,,,
Q5,single_configuration,Qwen-2.5,Grid-Overlay,0.85,0.85,251.0,1155.0,0.0,0.21731601731601732,0.9553784860557769,0.7710476895923969,1.232828627333398,BCa,10000.0,0.0,False,0.9721115537848606,0.8077922077922078,,,,,,,,,,,,,,,,,,
Q5,single_configuration,Qwen-2.5,Grid-Overlay,0.9,0.9,151.0,1155.0,0.0,0.13073593073593073,0.5311258278145694,0.28788975483008167,0.9907839780200549,BCa,10000.0,0.0,False,0.9735099337748344,0.8077922077922078,,,,,,,,,,,,,,,,,,
Q5,single_configuration,Qwen-2.5,Grid-Overlay,0.95,0.95,145.0,1155.0,0.0,0.12554112554112554,0.20206896551724135,0.13639425604174038,0.3228360702627505,BCa,10000.0,0.0,False,1.0,0.8077922077922078,,,,,,,,,,,,,,,,,,
Q5,single_configuration,Qwen-2.5,Grid-Overlay,1.0,1,10.0,1155.0,0.0,0.008658008658008658,0.06499999999999999,0.011111111111111112,0.12857142857142856,"percentile (BCa fallback, degenerate: n_retained=10 < 30, 0.0% of replicates undefined)",9999.0,9.999999999998899e-05,True,1.0,0.8077922077922078,,,,,,,,,,,,,,,,,,
Q5,single_configuration,Qwen-2.5,Point-Hint,,retain_all,1155.0,1155.0,0.0,1.0,6.216666666666667,5.7629343639806265,6.71075912372967,BCa,10000.0,0.0,False,0.8077922077922078,0.8077922077922078,,,,,,,,,,,,,,,,,,
Q5,single_configuration,Qwen-2.5,Point-Hint,0.8,0.8,1155.0,1155.0,0.0,1.0,6.216666666666667,5.7629343639806265,6.71075912372967,BCa,10000.0,0.0,False,0.8077922077922078,0.8077922077922078,,,,,,,,,,,,,,,,,,
Q5,single_configuration,Qwen-2.5,Point-Hint,0.85,0.85,774.0,1155.0,0.0,0.6701298701298701,7.20594315245478,6.576772743709478,7.911281340340202,BCa,10000.0,0.0,False,0.7364341085271318,0.8077922077922078,,,,,,,,,,,,,,,,,,
Q5,single_configuration,Qwen-2.5,Point-Hint,0.9,0.9,264.0,1155.0,0.0,0.22857142857142856,1.04469696969697,0.768702896138898,1.4797529197467068,BCa,10000.0,0.0,False,0.9621212121212122,0.8077922077922078,,,,,,,,,,,,,,,,,,
Q5,single_configuration,Qwen-2.5,Point-Hint,0.95,0.95,209.0,1155.0,0.0,0.18095238095238095,0.560287081339713,0.42137925917957786,0.8154828455467881,BCa,10000.0,0.0,False,0.9952153110047847,0.8077922077922078,,,,,,,,,,,,,,,,,,
Q5,single_configuration,Qwen-2.5,Point-Hint,1.0,1,7.0,1155.0,0.0,0.006060606060606061,0.07857142857142858,0.0,0.16666666666666666,"percentile (BCa fallback, degenerate: n_retained=7 < 30, 0.1% of replicates undefined)",9993.0,0.0007000000000000339,True,1.0,0.8077922077922078,,,,,,,,,,,,,,,,,,
Q5,single_configuration,Qwen-2.5,Short,,retain_all,1155.0,1155.0,0.0,1.0,6.9312121212121225,6.445881388233948,7.449235592164446,BCa,10000.0,0.0,False,0.8077922077922078,0.8077922077922078,,,,,,,,,,,,,,,,,,
Q5,single_configuration,Qwen-2.5,Short,0.8,0.8,1155.0,1155.0,0.0,1.0,6.9312121212121225,6.445881388233948,7.449235592164446,BCa,10000.0,0.0,False,0.8077922077922078,0.8077922077922078,,,,,,,,,,,,,,,,,,
Q5,single_configuration,Qwen-2.5,Short,0.85,0.85,909.0,1155.0,0.0,0.787012987012987,6.04009900990099,5.535592112980259,6.626525350528183,BCa,10000.0,0.0,False,0.8030803080308031,0.8077922077922078,,,,,,,,,,,,,,,,,,
Q5,single_configuration,Qwen-2.5,Short,0.9,0.9,398.0,1155.0,0.0,0.3445887445887446,2.4915829145728647,2.244573150823356,2.797226158286406,BCa,10000.0,0.0,False,0.9597989949748744,0.8077922077922078,,,,,,,,,,,,,,,,,,
Q5,single_configuration,Qwen-2.5,Short,0.95,0.95,164.0,1155.0,0.0,0.141991341991342,0.32804878048780484,0.22272394155655573,0.5091949357084273,BCa,10000.0,0.0,False,1.0,0.8077922077922078,,,,,,,,,,,,,,,,,,
Q5,per_model_aggregate,Gemma-3-12B,,,retain_all,4561.0,4561.0,59.0,1.0,9.75938390703793,9.291323299327727,10.274283935154484,BCa,10000.0,0.0,False,0.8053058539793905,0.8077922077922078,,,,,,,,,,,,,,,,,,
Q5,per_model_aggregate,Gemma-3-12B,,0.6,0.6,4561.0,4561.0,59.0,1.0,9.75938390703793,9.291323299327727,10.274283935154484,BCa,10000.0,0.0,False,0.8053058539793905,0.8077922077922078,,,,,,,,,,,,,,,,,,
Q5,per_model_aggregate,Gemma-3-12B,,0.7,0.7,4042.0,4561.0,59.0,0.8862091646568735,10.611726867887185,10.125719073977454,11.149263915153043,BCa,10000.0,0.0,False,0.7810489856506679,0.8077922077922078,,,,,,,,,,,,,,,,,,
Q5,per_model_aggregate,Gemma-3-12B,,0.75,0.75,3178.0,4561.0,59.0,0.696777022582767,11.47125550660793,10.902679275619697,12.092222344857095,BCa,10000.0,0.0,False,0.7334801762114538,0.8077922077922078,,,,,,,,,,,,,,,,,,
Q5,per_model_aggregate,Gemma-3-12B,,0.8,0.8,2046.0,4561.0,59.0,0.44858583643937733,9.905718475073312,9.31101048526387,10.536740806997589,BCa,10000.0,0.0,False,0.7302052785923754,0.8077922077922078,,,,,,,,,,,,,,,,,,
Q5,per_model_aggregate,Gemma-3-12B,,0.85,0.85,1009.0,4561.0,59.0,0.22122341591756195,12.538652130822596,11.839106013053904,13.303065785019719,BCa,10000.0,0.0,False,0.6580773042616452,0.8077922077922078,,,,,,,,,,,,,,,,,,
Q5,per_model_aggregate,Gemma-3-12B,,0.95,0.95,25.0,4561.0,59.0,0.005481254110940584,0.488,0.2863636363636364,0.8823529411764706,"BCa, degenerate: n_retained=25 < 30",10000.0,0.0,True,1.0,0.8077922077922078,,,,,,,,,,,,,,,,,,
Q5,per_model_aggregate,Gemma-3-12B,,1.0,1,19.0,4561.0,59.0,0.0041657531243148435,0.2394736842105263,0.09722222222222222,0.4617048567582725,"BCa, degenerate: n_retained=19 < 30",10000.0,0.0,True,1.0,0.8077922077922078,,,,,,,,,,,,,,,,,,
Q5,per_model_aggregate,Gemma-3-27B,,,retain_all,4620.0,4620.0,0.0,1.0,10.231233766233768,9.805009357447313,10.708271591898171,BCa,10000.0,0.0,False,0.8077922077922078,0.8077922077922078,,,,,,,,,,,,,,,,,,
Q5,per_model_aggregate,Gemma-3-27B,,0.7,0.7,4620.0,4620.0,0.0,1.0,10.231233766233768,9.805009357447313,10.708271591898171,BCa,10000.0,0.0,False,0.8077922077922078,0.8077922077922078,,,,,,,,,,,,,,,,,,
Q5,per_model_aggregate,Gemma-3-27B,,0.75,0.75,4617.0,4620.0,0.0,0.9993506493506493,10.2350010829543,9.807470595905038,10.712209219955266,BCa,10000.0,0.0,False,0.8076673164392463,0.8077922077922078,,,,,,,,,,,,,,,,,,
Q5,per_model_aggregate,Gemma-3-27B,,0.8,0.8,4550.0,4620.0,0.0,0.9848484848484849,10.31265934065934,9.884655484614747,10.79045557567793,BCa,10000.0,0.0,False,0.8048351648351648,0.8077922077922078,,,,,,,,,,,,,,,,,,
Q5,per_model_aggregate,Gemma-3-27B,,0.85,0.85,3196.0,4620.0,0.0,0.6917748917748918,10.497371714643304,10.043119432901126,11.024316870071694,BCa,10000.0,0.0,False,0.7850438047559449,0.8077922077922078,,,,,,,,,,,,,,,,,,
Q5,per_model_aggregate,Gemma-3-27B,,0.9,0.9,1135.0,4620.0,0.0,0.24567099567099568,7.388942731277534,7.018751292886362,7.847717221830931,BCa,10000.0,0.0,False,0.9409691629955947,0.8077922077922078,,,,,,,,,,,,,,,,,,
Q5,per_model_aggregate,Gemma-3-27B,,0.95,0.95,180.0,4620.0,0.0,0.03896103896103896,3.8574999999999995,3.4956017526776755,4.194465569519347,BCa,10000.0,0.0,False,0.9888888888888889,0.8077922077922078,,,,,,,,,,,,,,,,,,
Q5,per_model_aggregate,Gemma-3-27B,,1.0,1,16.0,4620.0,0.0,0.003463203463203463,0.484375,0.20357142857142854,0.9965446376248094,"BCa, degenerate: n_retained=16 < 30",10000.0,0.0,True,1.0,0.8077922077922078,,,,,,,,,,,,,,,,,,
Q5,per_model_aggregate,Llama-4-Maverick,,,retain_all,4619.0,4619.0,1.0,1.0,6.730049794327776,6.247862771178825,7.234316238190071,BCa,10000.0,0.0,False,0.8077505953669626,0.8077922077922078,,,,,,,,,,,,,,,,,,
Q5,per_model_aggregate,Llama-4-Maverick,,0.5,0.5,4619.0,4619.0,1.0,1.0,6.730049794327776,6.247862771178825,7.234316238190071,BCa,10000.0,0.0,False,0.8077505953669626,0.8077922077922078,,,,,,,,,,,,,,,,,,
Q5,per_model_aggregate,Llama-4-Maverick,,0.6,0.6,4617.0,4619.0,1.0,0.9995670058454211,6.71585445094217,6.235046559549976,7.219479414174113,BCa,10000.0,0.0,False,0.807883907299112,0.8077922077922078,,,,,,,,,,,,,,,,,,
Q5,per_model_aggregate,Llama-4-Maverick,,0.7,0.7,4616.0,4619.0,1.0,0.9993505087681316,6.717092720970537,6.236229972776836,7.220803856599539,BCa,10000.0,0.0,False,0.807842287694974,0.8077922077922078,,,,,,,,,,,,,,,,,,
Q5,per_model_aggregate,Llama-4-Maverick,,0.75,0.75,4595.0,4619.0,1.0,0.994804070145053,6.6470293797606095,6.1680331177438354,7.152630364563592,BCa,10000.0,0.0,False,0.8093579978237214,0.8077922077922078,,,,,,,,,,,,,,,,,,
Q5,per_model_aggregate,Llama-4-Maverick,,0.8,0.8,4593.0,4619.0,1.0,0.9943710759904741,6.6469845416938815,6.168103354823066,7.153868951287744,BCa,10000.0,0.0,False,0.8094927062921837,0.8077922077922078,,,,,,,,,,,,,,,,,,
Q5,per_model_aggregate,Llama-4-Maverick,,0.85,0.85,2416.0,4619.0,1.0,0.5230569387313271,3.721399006622516,3.2870694805312706,4.231143974573525,BCa,10000.0,0.0,False,0.9031456953642384,0.8077922077922078,,,,,,,,,,,,,,,,,,
Q5,per_model_aggregate,Llama-4-Maverick,,0.9,0.9,2391.0,4619.0,1.0,0.5176445117990908,3.629192806357173,3.2015472066385944,4.139280722812052,BCa,10000.0,0.0,False,0.9092429945629443,0.8077922077922078,,,,,,,,,,,,,,,,,,
Q5,per_model_aggregate,Llama-4-Maverick,,0.95,0.95,1781.0,4619.0,1.0,0.38558129465252217,2.412773722627737,2.0050599856836078,2.923279955801382,BCa,10000.0,0.0,False,0.9651880965749579,0.8077922077922078,,,,,,,,,,,,,,,,,,
Q5,per_model_aggregate,Llama-4-Maverick,,0.99,0.99,1307.0,4619.0,1.0,0.28296168001731975,1.1804131599081868,0.9264584985761493,1.573904353028473,BCa,10000.0,0.0,False,0.9869931140015302,0.8077922077922078,,,,,,,,,,,,,,,,,,
Q5,per_model_aggregate,Llama-4-Maverick,,1.0,1,1304.0,4619.0,1.0,0.2823121887854514,1.1826687116564418,0.9279973790994531,1.5781533906886245,BCa,10000.0,0.0,False,0.9869631901840491,0.8077922077922078,,,,,,,,,,,,,,,,,,
Q5,per_model_aggregate,Llama-4-Scout,,,retain_all,4576.0,4576.0,44.0,1.0,7.389134615384616,6.900686867722921,7.937786106303872,BCa,10000.0,0.0,False,0.8135926573426573,0.8077922077922078,,,,,,,,,,,,,,,,,,
Q5,per_model_aggregate,Llama-4-Scout,,0.0,0,4576.0,4576.0,44.0,1.0,7.389134615384616,6.900686867722921,7.937786106303872,BCa,10000.0,0.0,False,0.8135926573426573,0.8077922077922078,,,,,,,,,,,,,,,,,,
Q5,per_model_aggregate,Llama-4-Scout,,0.1,0.1,4575.0,4576.0,44.0,0.9997814685314685,7.390727868852459,6.902185561003342,7.938823900717234,BCa,10000.0,0.0,False,0.8135519125683061,0.8077922077922078,,,,,,,,,,,,,,,,,,
Q5,per_model_aggregate,Llama-4-Scout,,0.5,0.5,4573.0,4576.0,44.0,0.9993444055944056,7.389477367155041,6.899803800505163,7.935897658499412,BCa,10000.0,0.0,False,0.8136890443909905,0.8077922077922078,,,,,,,,,,,,,,,,,,
Q5,per_model_aggregate,Llama-4-Scout,,0.6,0.6,4414.0,4576.0,44.0,0.9645979020979021,7.434567285908473,6.938079068958465,7.991910011399822,BCa,10000.0,0.0,False,0.8106026280018124,0.8077922077922078,,,,,,,,,,,,,,,,,,
Q5,per_model_aggregate,Llama-4-Scout,,0.7,0.7,4412.0,4576.0,44.0,0.9641608391608392,7.436804170444243,6.940574391691074,7.995171196016875,BCa,10000.0,0.0,False,0.8107434270172258,0.8077922077922078,,,,,,,,,,,,,,,,,,
Q5,per_model_aggregate,Llama-4-Scout,,0.75,0.75,4252.0,4576.0,44.0,0.9291958041958042,7.310202257761054,6.815898493181473,7.866128101385259,BCa,10000.0,0.0,False,0.8120884289746002,0.8077922077922078,,,,,,,,,,,,,,,,,,
Q5,per_model_aggregate,Llama-4-Scout,,0.8,0.8,4249.0,4576.0,44.0,0.9285402097902098,7.294299835255354,6.801880919799296,7.851142542498273,BCa,10000.0,0.0,False,0.8124264532831255,0.8077922077922078,,,,,,,,,,,,,,,,,,
Q5,per_model_aggregate,Llama-4-Scout,,0.85,0.85,2040.0,4576.0,44.0,0.4458041958041958,4.619671568627451,4.052080696231849,5.298765144862635,BCa,10000.0,0.0,False,0.8936274509803922,0.8077922077922078,,,,,,,,,,,,,,,,,,
Q5,per_model_aggregate,Llama-4-Scout,,0.9,0.9,2013.0,4576.0,44.0,0.43990384615384615,4.50826130153999,3.938508961830412,5.176463665345208,BCa,10000.0,0.0,False,0.8981619473422752,0.8077922077922078,,,,,,,,,,,,,,,,,,
Q5,per_model_aggregate,Llama-4-Scout,,0.95,0.95,1535.0,4576.0,44.0,0.3354458041958042,3.15728338762215,2.622399352413782,3.829306513050961,BCa,10000.0,0.0,False,0.9407166123778502,0.8077922077922078,,,,,,,,,,,,,,,,,,
Q5,per_model_aggregate,Llama-4-Scout,,1.0,1,1286.0,4576.0,44.0,0.28103146853146854,1.5138024883359251,1.1569442135846866,2.023785341316971,BCa,10000.0,0.0,False,0.9782270606531882,0.8077922077922078,,,,,,,,,,,,,,,,,,
Q5,per_model_aggregate,Mistral-Small-3.2,,,retain_all,4615.0,4615.0,5.0,1.0,7.598699891657638,7.160385697802132,8.08843300683486,BCa,10000.0,0.0,False,0.8075839653304442,0.8077922077922078,,,,,,,,,,,,,,,,,,
Q5,per_model_aggregate,Mistral-Small-3.2,,0.6,0.6,4615.0,4615.0,5.0,1.0,7.598699891657638,7.160385697802132,8.08843300683486,BCa,10000.0,0.0,False,0.8075839653304442,0.8077922077922078,,,,,,,,,,,,,,,,,,
Q5,per_model_aggregate,Mistral-Small-3.2,,0.7,0.7,4609.0,4615.0,5.0,0.9986998916576382,7.602104577999566,7.163770277752383,8.09420722315694,BCa,10000.0,0.0,False,0.8073334779778694,0.8077922077922078,,,,,,,,,,,,,,,,,,
Q5,per_model_aggregate,Mistral-Small-3.2,,0.75,0.75,1331.0,4615.0,5.0,0.28840736728060673,6.328662659654396,5.721689283425009,7.0113975910245205,BCa,10000.0,0.0,False,0.7573253193087904,0.8077922077922078,,,,,,,,,,,,,,,,,,
Q5,per_model_aggregate,Mistral-Small-3.2,,0.8,0.8,1258.0,4615.0,5.0,0.27258938244853737,5.8032193958664555,5.264877192143692,6.403717243649923,BCa,10000.0,0.0,False,0.800476947535771,0.8077922077922078,,,,,,,,,,,,,,,,,,
Q5,per_model_aggregate,Mistral-Small-3.2,,0.85,0.85,416.0,4615.0,5.0,0.09014084507042254,5.577764423076923,4.525973298411606,6.773173019491488,BCa,10000.0,0.0,False,0.7043269230769231,0.8077922077922078,,,,,,,,,,,,,,,,,,
Q5,per_model_aggregate,Mistral-Small-3.2,,0.9,0.9,273.0,4615.0,5.0,0.059154929577464786,0.37930402930402934,0.2668561414607192,0.5684316288894266,BCa,10000.0,0.0,False,1.0,0.8077922077922078,,,,,,,,,,,,,,,,,,
Q5,per_model_aggregate,Mistral-Small-3.2,,0.95,0.95,22.0,4615.0,5.0,0.004767063921993499,0.44090909090909086,0.12183567612884426,1.22,"BCa, degenerate: n_retained=22 < 30",10000.0,0.0,True,1.0,0.8077922077922078,,,,,,,,,,,,,,,,,,
Q5,per_model_aggregate,Qwen-2.5,,,retain_all,4620.0,4620.0,0.0,1.0,6.641320346320346,6.198103170887963,7.1097034385308575,BCa,10000.0,0.0,False,0.8077922077922078,0.8077922077922078,,,,,,,,,,,,,,,,,,
Q5,per_model_aggregate,Qwen-2.5,,0.8,0.8,4620.0,4620.0,0.0,1.0,6.641320346320346,6.198103170887963,7.1097034385308575,BCa,10000.0,0.0,False,0.8077922077922078,0.8077922077922078,,,,,,,,,,,,,,,,,,
Q5,per_model_aggregate,Qwen-2.5,,0.85,0.85,2290.0,4620.0,0.0,0.49567099567099565,5.158842794759825,4.710411483469866,5.647618376951598,BCa,10000.0,0.0,False,0.8183406113537118,0.8077922077922078,,,,,,,,,,,,,,,,,,
Q5,per_model_aggregate,Qwen-2.5,,0.9,0.9,1086.0,4620.0,0.0,0.23506493506493506,1.387292817679558,1.1950302174808316,1.6472294033414348,BCa,10000.0,0.0,False,0.9677716390423573,0.8077922077922078,,,,,,,,,,,,,,,,,,
Q5,per_model_aggregate,Qwen-2.5,,0.95,0.95,766.0,4620.0,0.0,0.1658008658008658,0.3364882506527415,0.26341737882620453,0.4423160736095144,BCa,10000.0,0.0,False,0.9986945169712794,0.8077922077922078,,,,,,,,,,,,,,,,,,
Q5,per_model_aggregate,Qwen-2.5,,1.0,1,62.0,4620.0,0.0,0.01341991341991342,0.08629032258064517,0.0491441353447277,0.14251862989827743,BCa,10000.0,0.0,False,1.0,0.8077922077922078,,,,,,,,,,,,,,,,,,
Q5,perbin_mae_change_at_representative_cutoff,Gemma-3-12B,Detailed,,,,,,,,,,,,,,,,,0.85,0.7229437229437229,0-20,933.0,7.539067524115755,7.122684873791175,7.99372800163738,BCa,10000.0,False,616.0,9.98336038961039,9.44957240448659,10.571552280028174,BCa,10000.0,False
Q5,perbin_mae_change_at_representative_cutoff,Gemma-3-12B,Detailed,,,,,,,,,,,,,,,,,0.85,0.7229437229437229,20-40,108.0,9.925925925925926,8.604488214364086,11.5,BCa,10000.0,False,106.0,9.877358490566039,8.508995973144046,11.555500630831553,BCa,10000.0,False
Q5,perbin_mae_change_at_representative_cutoff,Gemma-3-12B,Detailed,,,,,,,,,,,,,,,,,0.85,0.7229437229437229,40-60,46.0,19.391304347826086,16.767608929768983,22.07505418767829,BCa,10000.0,False,46.0,19.391304347826086,16.8,22.11374750609101,BCa,10000.0,False
Q5,perbin_mae_change_at_representative_cutoff,Gemma-3-12B,Detailed,,,,,,,,,,,,,,,,,0.85,0.7229437229437229,60-80,38.0,26.289473684210527,21.51776379688904,31.5,BCa,10000.0,False,38.0,26.289473684210527,21.571428571428573,31.29268292682927,BCa,10000.0,False
Q5,perbin_mae_change_at_representative_cutoff,Gemma-3-12B,Detailed,,,,,,,,,,,,,,,,,0.85,0.7229437229437229,80-100,30.0,38.666666666666664,30.96959538427176,46.41322764410117,BCa,10000.0,False,29.0,37.58620689655172,29.772351676030322,45.24120650487865,"BCa, degenerate: n=29 < 30",10000.0,True
Q5,perbin_mae_change_at_representative_cutoff,Gemma-3-12B,Grid-Overlay,,,,,,,,,,,,,,,,,0.75,0.5052539404553416,0-20,920.0,10.016141304347826,9.480630471761849,10.586003413080256,BCa,10000.0,False,364.0,14.9021978021978,13.916212540218611,15.968766540116,BCa,10000.0,False
Q5,perbin_mae_change_at_representative_cutoff,Gemma-3-12B,Grid-Overlay,,,,,,,,,,,,,,,,,0.75,0.5052539404553416,20-40,108.0,10.592592592592593,9.171180776986446,12.518867924528301,BCa,10000.0,False,99.0,10.515151515151516,8.960015381749734,12.561819460577626,BCa,10000.0,False
Q5,perbin_mae_change_at_representative_cutoff,Gemma-3-12B,Grid-Overlay,,,,,,,,,,,,,,,,,0.75,0.5052539404553416,40-60,46.0,11.434782608695652,9.316508698371534,13.534871246329786,BCa,10000.0,False,46.0,11.434782608695652,9.354935569508301,13.5,BCa,10000.0,False
Q5,perbin_mae_change_at_representative_cutoff,Gemma-3-12B,Grid-Overlay,,,,,,,,,,,,,,,,,0.75,0.5052539404553416,60-80,38.0,16.289473684210527,12.347137441266225,20.62439725322256,BCa,10000.0,False,38.0,16.289473684210527,12.444083663719718,20.562932553024847,BCa,10000.0,False
Q5,perbin_mae_change_at_representative_cutoff,Gemma-3-12B,Grid-Overlay,,,,,,,,,,,,,,,,,0.75,0.5052539404553416,80-100,30.0,30.466666666666665,25.601320273049033,35.88520562667612,BCa,10000.0,False,30.0,30.466666666666665,25.593499980054737,35.81432359978029,BCa,10000.0,False
Q5,perbin_mae_change_at_representative_cutoff,Gemma-3-12B,Point-Hint,,,,,,,,,,,,,,,,,0.75,0.37781785392245265,0-20,887.0,7.589289740698985,7.056480572249222,8.176546255533825,BCa,10000.0,False,229.0,15.681659388646288,14.342108056846438,17.158452538515927,BCa,10000.0,False
Q5,perbin_mae_change_at_representative_cutoff,Gemma-3-12B,Point-Hint,,,,,,,,,,,,,,,,,0.75,0.37781785392245265,20-40,108.0,13.601851851851851,11.764722088929656,15.807676289974468,BCa,10000.0,False,90.0,13.61111111111111,11.394172387953153,16.15391750624599,BCa,10000.0,False
Q5,perbin_mae_change_at_representative_cutoff,Gemma-3-12B,Point-Hint,,,,,,,,,,,,,,,,,0.75,0.37781785392245265,40-60,46.0,13.08695652173913,10.564102564102564,15.94267619197205,BCa,10000.0,False,41.0,11.634146341463415,9.196604630583566,14.406637551188922,BCa,10000.0,False
Q5,perbin_mae_change_at_representative_cutoff,Gemma-3-12B,Point-Hint,,,,,,,,,,,,,,,,,0.75,0.37781785392245265,60-80,38.0,14.342105263157896,11.07975719853353,18.424296091848895,BCa,10000.0,False,34.0,15.323529411764707,11.757575757575758,19.5,BCa,10000.0,False
Q5,perbin_mae_change_at_representative_cutoff,Gemma-3-12B,Point-Hint,,,,,,,,,,,,,,,,,0.75,0.37781785392245265,80-100,30.0,23.0,18.741935483870968,29.43544354798373,BCa,10000.0,False,25.0,22.48,18.147927975359664,27.21536842593616,"BCa, degenerate: n=25 < 30",10000.0,True
Q5,perbin_mae_change_at_representative_cutoff,Gemma-3-12B,Short,,,,,,,,,,,,,,,,,0.8,0.574025974025974,0-20,933.0,8.190836012861736,7.683286639589071,8.760782600321308,BCa,10000.0,False,479.0,6.425156576200417,5.683577405382593,7.325032263402597,BCa,10000.0,False
Q5,perbin_mae_change_at_representative_cutoff,Gemma-3-12B,Short,,,,,,,,,,,,,,,,,0.8,0.574025974025974,20-40,108.0,13.731481481481481,11.69182726797737,16.055009605895567,BCa,10000.0,False,80.0,16.25,13.86507261570962,19.0,BCa,10000.0,False
Q5,perbin_mae_change_at_representative_cutoff,Gemma-3-12B,Short,,,,,,,,,,,,,,,,,0.8,0.574025974025974,40-60,46.0,13.956521739130435,11.511641063391204,16.488888888888887,BCa,10000.0,False,41.0,13.902439024390244,11.452397000479142,16.486486486486488,BCa,10000.0,False
Q5,perbin_mae_change_at_representative_cutoff,Gemma-3-12B,Short,,,,,,,,,,,,,,,,,0.8,0.574025974025974,60-80,38.0,14.710526315789474,11.465198960650133,18.301099638241002,BCa,10000.0,False,35.0,13.257142857142858,10.243243243243244,16.77061870710028,BCa,10000.0,False
Q5,perbin_mae_change_at_representative_cutoff,Gemma-3-12B,Short,,,,,,,,,,,,,,,,,0.8,0.574025974025974,80-100,30.0,19.133333333333333,14.194718593291453,25.790329453248386,BCa,10000.0,False,28.0,16.571428571428573,12.433333333333334,22.088690067318435,"BCa, degenerate: n=28 < 30",10000.0,True
Q5,perbin_mae_change_at_representative_cutoff,Gemma-3-27B,Detailed,,,,,,,,,,,,,,,,,0.9,0.703030303030303,0-20,933.0,9.029421221864952,8.651714824329767,9.419465703110351,BCa,10000.0,False,756.0,7.819179894179893,7.492794087431183,8.151588388293924,BCa,10000.0,False
Q5,perbin_mae_change_at_representative_cutoff,Gemma-3-27B,Detailed,,,,,,,,,,,,,,,,,0.9,0.703030303030303,20-40,108.0,9.018518518518519,7.831039491123313,10.365754859883932,BCa,10000.0,False,35.0,12.314285714285715,10.065152037697397,14.916827446029659,BCa,10000.0,False
Q5,perbin_mae_change_at_representative_cutoff,Gemma-3-27B,Detailed,,,,,,,,,,,,,,,,,0.9,0.703030303030303,40-60,46.0,20.47826086956522,17.261770162442076,23.91949545511513,BCa,10000.0,False,8.0,23.875,12.666666666666666,35.833333333333336,"percentile (BCa fallback, degenerate: n=8 < 30, 0.0% of replicates undefined)",9996.0,True
Q5,perbin_mae_change_at_representative_cutoff,Gemma-3-27B,Detailed,,,,,,,,,,,,,,,,,0.9,0.703030303030303,60-80,38.0,25.05263157894737,19.324324324324323,31.537345497345928,BCa,10000.0,False,5.0,34.0,10.0,57.5,"percentile (BCa fallback, degenerate: n=5 < 30, 0.7% of replicates undefined)",9929.0,True
Q5,perbin_mae_change_at_representative_cutoff,Gemma-3-27B,Detailed,,,,,,,,,,,,,,,,,0.9,0.703030303030303,80-100,30.0,42.666666666666664,34.03281533065579,50.38580166261397,BCa,10000.0,False,8.0,38.25,14.71142857142857,61.111111111111114,"percentile (BCa fallback, degenerate: n=8 < 30, 0.1% of replicates undefined)",9993.0,True
Q5,perbin_mae_change_at_representative_cutoff,Gemma-3-27B,Grid-Overlay,,,,,,,,,,,,,,,,,0.85,0.6857142857142857,0-20,933.0,12.22556270096463,11.70516374148454,12.794999749485894,BCa,10000.0,False,599.0,13.25050083472454,12.608674348143218,13.979472775416887,BCa,10000.0,False
Q5,perbin_mae_change_at_representative_cutoff,Gemma-3-27B,Grid-Overlay,,,,,,,,,,,,,,,,,0.85,0.6857142857142857,20-40,108.0,9.722222222222221,8.160714285714286,11.638090685504523,BCa,10000.0,False,88.0,10.545454545454545,8.772151898734178,12.88888888888889,BCa,10000.0,False
Q5,perbin_mae_change_at_representative_cutoff,Gemma-3-27B,Grid-Overlay,,,,,,,,,,,,,,,,,0.85,0.6857142857142857,40-60,46.0,10.91304347826087,8.693261991819744,13.292340357700324,BCa,10000.0,False,39.0,10.051282051282051,7.878449556954535,12.511832920764293,BCa,10000.0,False
Q5,perbin_mae_change_at_representative_cutoff,Gemma-3-27B,Grid-Overlay,,,,,,,,,,,,,,,,,0.85,0.6857142857142857,60-80,38.0,15.710526315789474,11.854750479536989,19.92399050670004,BCa,10000.0,False,36.0,14.916666666666666,11.076923076923077,19.206753800618543,BCa,10000.0,False
Q5,perbin_mae_change_at_representative_cutoff,Gemma-3-27B,Grid-Overlay,,,,,,,,,,,,,,,,,0.85,0.6857142857142857,80-100,30.0,23.333333333333332,19.25925925925926,27.928622287169777,BCa,10000.0,False,30.0,23.333333333333332,19.44808797345546,27.86080868959781,BCa,10000.0,False
Q5,perbin_mae_change_at_representative_cutoff,Gemma-3-27B,Point-Hint,,,,,,,,,,,,,,,,,0.85,0.10995670995670996,0-20,933.0,8.934565916398714,8.479982448693102,9.433848360193725,BCa,10000.0,False,75.0,8.671999999999999,6.966383071453612,11.173593533963306,BCa,10000.0,False
Q5,perbin_mae_change_at_representative_cutoff,Gemma-3-27B,Point-Hint,,,,,,,,,,,,,,,,,0.85,0.10995670995670996,20-40,108.0,8.0,6.883451847609476,9.333031085274305,BCa,10000.0,False,10.0,14.1,8.285714285714286,24.81067844002771,"BCa, degenerate: n=10 < 30",10000.0,True
Q5,perbin_mae_change_at_representative_cutoff,Gemma-3-27B,Point-Hint,,,,,,,,,,,,,,,,,0.85,0.10995670995670996,40-60,46.0,12.717391304347826,10.825616474955993,14.869011870922757,BCa,10000.0,False,9.0,10.555555555555555,6.2201520197037,15.714285714285714,"BCa, degenerate: n=9 < 30",10000.0,True
Q5,perbin_mae_change_at_representative_cutoff,Gemma-3-27B,Point-Hint,,,,,,,,,,,,,,,,,0.85,0.10995670995670996,60-80,38.0,16.63157894736842,12.171448219536575,21.44684544291132,BCa,10000.0,False,18.0,10.944444444444445,6.333333333333333,18.333333333333332,"BCa, degenerate: n=18 < 30",10000.0,True
Q5,perbin_mae_change_at_representative_cutoff,Gemma-3-27B,Point-Hint,,,,,,,,,,,,,,,,,0.85,0.10995670995670996,80-100,30.0,26.0,21.620689655172413,31.563806290557388,BCa,10000.0,False,15.0,20.066666666666666,16.0,26.384428432329692,"BCa, degenerate: n=15 < 30",10000.0,True
Q5,perbin_mae_change_at_representative_cutoff,Gemma-3-27B,Short,,,,,,,,,,,,,,,,,0.9,0.20952380952380953,0-20,933.0,6.7571811361200425,6.3844188386970115,7.177547591789731,BCa,10000.0,False,233.0,3.91587982832618,3.6890288055133693,4.168160668592746,BCa,10000.0,False
Q5,perbin_mae_change_at_representative_cutoff,Gemma-3-27B,Short,,,,,,,,,,,,,,,,,0.9,0.20952380952380953,20-40,108.0,6.944444444444445,5.791246809977797,8.264335591295866,BCa,10000.0,False,0.0,,,,n/a (empty subset),0.0,True
Q5,perbin_mae_change_at_representative_cutoff,Gemma-3-27B,Short,,,,,,,,,,,,,,,,,0.9,0.20952380952380953,40-60,46.0,15.804347826086957,13.25,18.32126861644127,BCa,10000.0,False,0.0,,,,n/a (empty subset),0.0,True
Q5,perbin_mae_change_at_representative_cutoff,Gemma-3-27B,Short,,,,,,,,,,,,,,,,,0.9,0.20952380952380953,60-80,38.0,18.473684210526315,13.61654054255709,23.851107398844167,BCa,10000.0,False,1.0,20.0,20.0,20.0,"percentile (BCa fallback, degenerate: n=1 < 30, 37.3% of replicates undefined)",6271.0,True
Q5,perbin_mae_change_at_representative_cutoff,Gemma-3-27B,Short,,,,,,,,,,,,,,,,,0.9,0.20952380952380953,80-100,30.0,25.333333333333332,19.294117647058822,31.8249378729276,BCa,10000.0,False,8.0,7.25,3.4285714285714284,11.0,"percentile (BCa fallback, degenerate: n=8 < 30, 0.0% of replicates undefined)",9997.0,True
Q5,perbin_mae_change_at_representative_cutoff,Llama-4-Maverick,Detailed,,,,,,,,,,,,,,,,,0.95,0.4909090909090909,0-20,933.0,3.212486602357985,2.9372404842744153,3.540990829583373,BCa,10000.0,False,512.0,1.8279296875,1.5249295052365859,2.182338343256717,BCa,10000.0,False
Q5,perbin_mae_change_at_representative_cutoff,Llama-4-Maverick,Detailed,,,,,,,,,,,,,,,,,0.95,0.4909090909090909,20-40,108.0,16.87037037037037,14.694599329218908,19.136464520191883,BCa,10000.0,False,30.0,29.466666666666665,27.34569481410048,31.823529411764707,BCa,10000.0,False
Q5,perbin_mae_change_at_representative_cutoff,Llama-4-Maverick,Detailed,,,,,,,,,,,,,,,,,0.95,0.4909090909090909,40-60,46.0,32.391304347826086,26.69047619047619,38.146113303683975,BCa,10000.0,False,14.0,53.785714285714285,49.042033548361886,57.42857142857143,"BCa, degenerate: n=14 < 30",10000.0,True
Q5,perbin_mae_change_at_representative_cutoff,Llama-4-Maverick,Detailed,,,,,,,,,,,,,,,,,0.95,0.4909090909090909,60-80,38.0,38.05263157894737,31.516997469769745,45.42220467904812,BCa,10000.0,False,3.0,71.66666666666667,70.0,75.0,"percentile (BCa fallback, degenerate: n=3 < 30, 5.1% of replicates undefined)",9489.0,True
Q5,perbin_mae_change_at_representative_cutoff,Llama-4-Maverick,Detailed,,,,,,,,,,,,,,,,,0.95,0.4909090909090909,80-100,30.0,59.666666666666664,48.666666666666664,69.87676112346253,BCa,10000.0,False,8.0,88.75,84.83333333333333,93.25,"percentile (BCa fallback, degenerate: n=8 < 30, 0.0% of replicates undefined)",9995.0,True
Q5,perbin_mae_change_at_representative_cutoff,Llama-4-Maverick,Grid-Overlay,,,,,,,,,,,,,,,,,0.9,0.5653679653679654,0-20,933.0,4.736495176848874,4.277187483372845,5.276801747283678,BCa,10000.0,False,597.0,2.2113065326633166,1.8727190721382239,2.7044420129631246,BCa,10000.0,False
Q5,perbin_mae_change_at_representative_cutoff,Llama-4-Maverick,Grid-Overlay,,,,,,,,,,,,,,,,,0.9,0.5653679653679654,20-40,108.0,8.078703703703704,6.847402358349612,9.585614414683066,BCa,10000.0,False,22.0,7.0,4.864939026962904,9.985599430233,"BCa, degenerate: n=22 < 30",10000.0,True
Q5,perbin_mae_change_at_representative_cutoff,Llama-4-Maverick,Grid-Overlay,,,,,,,,,,,,,,,,,0.9,0.5653679653679654,40-60,46.0,13.021739130434783,10.530264727453025,15.72574503431833,BCa,10000.0,False,12.0,11.166666666666666,5.0,20.25,"BCa, degenerate: n=12 < 30",10000.0,True
Q5,perbin_mae_change_at_representative_cutoff,Llama-4-Maverick,Grid-Overlay,,,,,,,,,,,,,,,,,0.9,0.5653679653679654,60-80,38.0,16.105263157894736,12.586887234803033,20.3125,BCa,10000.0,False,8.0,11.125,5.142857142857143,18.5,"percentile (BCa fallback, degenerate: n=8 < 30, 0.0% of replicates undefined)",9999.0,True
Q5,perbin_mae_change_at_representative_cutoff,Llama-4-Maverick,Grid-Overlay,,,,,,,,,,,,,,,,,0.9,0.5653679653679654,80-100,30.0,17.133333333333333,13.712956836535028,21.31921726072201,BCa,10000.0,False,14.0,13.214285714285714,9.339982313014104,19.486231903517574,"BCa, degenerate: n=14 < 30",10000.0,True
Q5,perbin_mae_change_at_representative_cutoff,Llama-4-Maverick,Point-Hint,,,,,,,,,,,,,,,,,0.85,0.41161178509532065,0-20,932.0,5.17956008583691,4.697828558369812,5.762376438713699,BCa,10000.0,False,436.0,1.0836009174311927,0.8478480232700186,1.4711479129994534,BCa,10000.0,False
Q5,perbin_mae_change_at_representative_cutoff,Llama-4-Maverick,Point-Hint,,,,,,,,,,,,,,,,,0.85,0.41161178509532065,20-40,108.0,9.930555555555555,8.31757091082655,12.021980625738697,BCa,10000.0,False,5.0,9.8,4.0,13.797499999999946,"percentile (BCa fallback, degenerate: n=5 < 30, 0.8% of replicates undefined)",9923.0,True
Q5,perbin_mae_change_at_representative_cutoff,Llama-4-Maverick,Point-Hint,,,,,,,,,,,,,,,,,0.85,0.41161178509532065,40-60,46.0,12.41304347826087,10.290909090909091,14.7633209542144,BCa,10000.0,False,2.0,12.0,10.0,14.0,"percentile (BCa fallback, degenerate: n=2 < 30, 13.4% of replicates undefined)",8655.0,True
Q5,perbin_mae_change_at_representative_cutoff,Llama-4-Maverick,Point-Hint,,,,,,,,,,,,,,,,,0.85,0.41161178509532065,60-80,38.0,13.526315789473685,10.570286240674172,17.20531874287689,BCa,10000.0,False,12.0,11.666666666666666,8.213811676216437,17.142857142857142,"BCa, degenerate: n=12 < 30",10000.0,True
Q5,perbin_mae_change_at_representative_cutoff,Llama-4-Maverick,Point-Hint,,,,,,,,,,,,,,,,,0.85,0.41161178509532065,80-100,30.0,15.833333333333334,12.896689824266295,19.65227529263339,BCa,10000.0,False,20.0,11.75,9.083884706391558,14.166666666666666,"BCa, degenerate: n=20 < 30",10000.0,True
Q5,perbin_mae_change_at_representative_cutoff,Llama-4-Maverick,Short,,,,,,,,,,,,,,,,,0.85,0.42683982683982685,0-20,933.0,4.586655948553055,4.111919206600801,5.159899067493889,BCa,10000.0,False,454.0,1.0669603524229074,0.8636688896914857,1.5829056610719248,BCa,10000.0,False
Q5,perbin_mae_change_at_representative_cutoff,Llama-4-Maverick,Short,,,,,,,,,,,,,,,,,0.85,0.42683982683982685,20-40,108.0,11.935185185185185,10.084735282897494,14.255156670167317,BCa,10000.0,False,3.0,34.333333333333336,0.0,55.0,"percentile (BCa fallback, degenerate: n=3 < 30, 5.0% of replicates undefined)",9504.0,True
Q5,perbin_mae_change_at_representative_cutoff,Llama-4-Maverick,Short,,,,,,,,,,,,,,,,,0.85,0.42683982683982685,40-60,46.0,13.630434782608695,11.18310120673113,16.43641080108531,BCa,10000.0,False,4.0,22.0,20.0,28.0,"percentile (BCa fallback, degenerate: n=4 < 30, 1.7% of replicates undefined)",9829.0,True
Q5,perbin_mae_change_at_representative_cutoff,Llama-4-Maverick,Short,,,,,,,,,,,,,,,,,0.85,0.42683982683982685,60-80,38.0,11.526315789473685,9.364678973640327,14.48302471469184,BCa,10000.0,False,13.0,8.846153846153847,7.0,10.943086967359063,"BCa, degenerate: n=13 < 30",10000.0,True
Q5,perbin_mae_change_at_representative_cutoff,Llama-4-Maverick,Short,,,,,,,,,,,,,,,,,0.85,0.42683982683982685,80-100,30.0,14.366666666666667,11.432432432432432,18.2750013635311,BCa,10000.0,False,19.0,10.68421052631579,7.552436184813049,13.666666666666666,"BCa, degenerate: n=19 < 30",10000.0,True
Q5,perbin_mae_change_at_representative_cutoff,Llama-4-Scout,Detailed,,,,,,,,,,,,,,,,,0.9,0.5048458149779735,0-20,930.0,3.6718817204301075,3.3712496722269134,4.013991873648595,BCa,10000.0,False,496.0,1.8438508064516128,1.5260288891251883,2.246460027294085,BCa,10000.0,False
Q5,perbin_mae_change_at_representative_cutoff,Llama-4-Scout,Detailed,,,,,,,,,,,,,,,,,0.9,0.5048458149779735,20-40,100.0,21.0,18.824947320274408,22.978408697613066,BCa,10000.0,False,37.0,29.864864864864863,28.02857142857143,31.968614246143332,BCa,10000.0,False
Q5,perbin_mae_change_at_representative_cutoff,Llama-4-Scout,Detailed,,,,,,,,,,,,,,,,,0.9,0.5048458149779735,40-60,44.0,36.31818181818182,30.885857896822777,41.37224854546943,BCa,10000.0,False,15.0,52.86666666666667,49.22222222222222,56.529873591529345,"BCa, degenerate: n=15 < 30",10000.0,True
Q5,perbin_mae_change_at_representative_cutoff,Llama-4-Scout,Detailed,,,,,,,,,,,,,,,,,0.9,0.5048458149779735,60-80,35.0,40.05714285714286,31.81557642479446,49.03030303030303,BCa,10000.0,False,11.0,63.72727272727273,48.0,75.33333333333333,"percentile (BCa fallback, degenerate: n=11 < 30, 0.0% of replicates undefined)",9999.0,True
Q5,perbin_mae_change_at_representative_cutoff,Llama-4-Scout,Detailed,,,,,,,,,,,,,,,,,0.9,0.5048458149779735,80-100,26.0,68.42307692307692,54.54482122345033,78.90280511014373,"BCa, degenerate: n=26 < 30",10000.0,True,14.0,84.57142857142857,61.471673092783234,91.5,"BCa, degenerate: n=14 < 30",10000.0,True
Q5,perbin_mae_change_at_representative_cutoff,Llama-4-Scout,Grid-Overlay,,,,,,,,,,,,,,,,,0.9,0.5255411255411255,0-20,933.0,4.756752411575563,4.295991650120802,5.344998022946021,BCa,10000.0,False,531.0,3.073634651600753,2.565404200442488,3.821283577263536,BCa,10000.0,False
Q5,perbin_mae_change_at_representative_cutoff,Llama-4-Scout,Grid-Overlay,,,,,,,,,,,,,,,,,0.9,0.5255411255411255,20-40,108.0,13.277777777777779,11.274974934093683,15.549195815483815,BCa,10000.0,False,34.0,17.41176470588235,13.190980194804062,22.785879264851967,BCa,10000.0,False
Q5,perbin_mae_change_at_representative_cutoff,Llama-4-Scout,Grid-Overlay,,,,,,,,,,,,,,,,,0.9,0.5255411255411255,40-60,46.0,16.782608695652176,14.119047619047619,19.79001531357099,BCa,10000.0,False,14.0,14.357142857142858,10.385235011620752,19.166666666666668,"BCa, degenerate: n=14 < 30",10000.0,True
Q5,perbin_mae_change_at_representative_cutoff,Llama-4-Scout,Grid-Overlay,,,,,,,,,,,,,,,,,0.9,0.5255411255411255,60-80,38.0,15.18421052631579,11.65911093275443,19.767441860465116,BCa,10000.0,False,16.0,10.0625,6.894736842105263,14.282540881240608,"BCa, degenerate: n=16 < 30",10000.0,True
Q5,perbin_mae_change_at_representative_cutoff,Llama-4-Scout,Grid-Overlay,,,,,,,,,,,,,,,,,0.9,0.5255411255411255,80-100,30.0,17.033333333333335,13.026612478570533,23.476541091412923,BCa,10000.0,False,12.0,11.75,7.169916001647312,18.08389677595093,"BCa, degenerate: n=12 < 30",10000.0,True
Q5,perbin_mae_change_at_representative_cutoff,Llama-4-Scout,Point-Hint,,,,,,,,,,,,,,,,,0.85,0.3819628647214854,0-20,927.0,5.681499460625674,5.173086433995321,6.274649784511616,BCa,10000.0,False,378.0,2.0723544973544974,1.541525373816346,2.893375338028644,BCa,10000.0,False
Q5,perbin_mae_change_at_representative_cutoff,Llama-4-Scout,Point-Hint,,,,,,,,,,,,,,,,,0.85,0.3819628647214854,20-40,104.0,15.853653846153845,13.410902339579021,18.66670490592156,BCa,10000.0,False,22.0,22.14909090909091,16.103336338374092,29.620438622916744,"BCa, degenerate: n=22 < 30",10000.0,True
Q5,perbin_mae_change_at_representative_cutoff,Llama-4-Scout,Point-Hint,,,,,,,,,,,,,,,,,0.85,0.3819628647214854,40-60,44.0,13.431818181818182,10.392994036436846,16.795390317771457,BCa,10000.0,False,11.0,9.636363636363637,3.7777777777777777,16.556944444444426,"percentile (BCa fallback, degenerate: n=11 < 30, 0.0% of replicates undefined)",9999.0,True
Q5,perbin_mae_change_at_representative_cutoff,Llama-4-Scout,Point-Hint,,,,,,,,,,,,,,,,,0.85,0.3819628647214854,60-80,30.0,16.283333333333335,12.296107754862438,20.611433726390523,BCa,10000.0,False,9.0,14.833333333333334,8.75,21.133484848484844,"percentile (BCa fallback, degenerate: n=9 < 30, 0.0% of replicates undefined)",9999.0,True
Q5,perbin_mae_change_at_representative_cutoff,Llama-4-Scout,Point-Hint,,,,,,,,,,,,,,,,,0.85,0.3819628647214854,80-100,26.0,19.557692307692307,14.083762673128644,28.738229559608243,"BCa, degenerate: n=26 < 30",10000.0,True,12.0,9.375,6.0,14.614471455230424,"BCa, degenerate: n=12 < 30",10000.0,True
Q5,perbin_mae_change_at_representative_cutoff,Llama-4-Scout,Short,,,,,,,,,,,,,,,,,0.9,0.3645021645021645,0-20,933.0,4.584405144694534,4.173572970053955,5.084035420629746,BCa,10000.0,False,415.0,0.59,0.48682607519002746,0.7660626600342918,BCa,10000.0,False
Q5,perbin_mae_change_at_representative_cutoff,Llama-4-Scout,Short,,,,,,,,,,,,,,,,,0.9,0.3645021645021645,20-40,108.0,10.277777777777779,8.404639695026178,12.856408592138228,BCa,10000.0,False,0.0,,,,n/a (empty subset),0.0,True
Q5,perbin_mae_change_at_representative_cutoff,Llama-4-Scout,Short,,,,,,,,,,,,,,,,,0.9,0.3645021645021645,40-60,46.0,17.217391304347824,14.547561538049441,20.355555555555554,BCa,10000.0,False,0.0,,,,n/a (empty subset),0.0,True
Q5,perbin_mae_change_at_representative_cutoff,Llama-4-Scout,Short,,,,,,,,,,,,,,,,,0.9,0.3645021645021645,60-80,38.0,20.55263157894737,16.484946891897934,25.0,BCa,10000.0,False,1.0,20.0,20.0,20.0,"percentile (BCa fallback, degenerate: n=1 < 30, 36.6% of replicates undefined)",6340.0,True
Q5,perbin_mae_change_at_representative_cutoff,Llama-4-Scout,Short,,,,,,,,,,,,,,,,,0.9,0.3645021645021645,80-100,30.0,10.766666666666667,6.392857142857143,20.563100671018795,BCa,10000.0,False,5.0,3.4,1.3333333333333333,5.0,"percentile (BCa fallback, degenerate: n=5 < 30, 0.7% of replicates undefined)",9931.0,True
Q5,perbin_mae_change_at_representative_cutoff,Mistral-Small-3.2,Detailed,,,,,,,,,,,,,,,,,0.75,0.0632034632034632,0-20,933.0,7.848821007502679,7.457016059898573,8.278594496380078,BCa,10000.0,False,18.0,4.194444444444445,1.059264573832147,15.49350619418099,"BCa, degenerate: n=18 < 30",10000.0,True
Q5,perbin_mae_change_at_representative_cutoff,Mistral-Small-3.2,Detailed,,,,,,,,,,,,,,,,,0.75,0.0632034632034632,20-40,108.0,6.935185185185185,6.065061034371621,8.017904733131296,BCa,10000.0,False,14.0,6.428571428571429,4.1875,8.625,"BCa, degenerate: n=14 < 30",10000.0,True
Q5,perbin_mae_change_at_representative_cutoff,Mistral-Small-3.2,Detailed,,,,,,,,,,,,,,,,,0.75,0.0632034632034632,40-60,46.0,16.32608695652174,13.898534288997695,18.678313244312978,BCa,10000.0,False,13.0,8.923076923076923,5.304659819057247,12.636363636363637,"BCa, degenerate: n=13 < 30",10000.0,True
Q5,perbin_mae_change_at_representative_cutoff,Mistral-Small-3.2,Detailed,,,,,,,,,,,,,,,,,0.75,0.0632034632034632,60-80,38.0,26.026315789473685,20.343648378238566,30.97599214733493,BCa,10000.0,False,13.0,13.076923076923077,6.363636363636363,25.0,"BCa, degenerate: n=13 < 30",10000.0,True
Q5,perbin_mae_change_at_representative_cutoff,Mistral-Small-3.2,Detailed,,,,,,,,,,,,,,,,,0.75,0.0632034632034632,80-100,30.0,35.666666666666664,30.680731291213192,40.87264347906753,BCa,10000.0,False,15.0,26.266666666666666,21.532159080345775,30.90909090909091,"BCa, degenerate: n=15 < 30",10000.0,True
Q5,perbin_mae_change_at_representative_cutoff,Mistral-Small-3.2,Grid-Overlay,,,,,,,,,,,,,,,,,0.8,0.14695652173913043,0-20,928.0,6.019558189655172,5.614624762413472,6.47718693736072,BCa,10000.0,False,162.0,1.2959876543209876,1.1195194284001653,1.5797276425605633,BCa,10000.0,False
Q5,perbin_mae_change_at_representative_cutoff,Mistral-Small-3.2,Grid-Overlay,,,,,,,,,,,,,,,,,0.8,0.14695652173913043,20-40,108.0,7.953703703703703,6.852395899541239,9.367740574007936,BCa,10000.0,False,0.0,,,,n/a (empty subset),0.0,True
Q5,perbin_mae_change_at_representative_cutoff,Mistral-Small-3.2,Grid-Overlay,,,,,,,,,,,,,,,,,0.8,0.14695652173913043,40-60,46.0,13.956521739130435,11.745098039215685,16.552029647463094,BCa,10000.0,False,0.0,,,,n/a (empty subset),0.0,True
Q5,perbin_mae_change_at_representative_cutoff,Mistral-Small-3.2,Grid-Overlay,,,,,,,,,,,,,,,,,0.8,0.14695652173913043,60-80,38.0,18.657894736842106,13.97226103687202,24.02676325684832,BCa,10000.0,False,1.0,5.0,5.0,5.0,"percentile (BCa fallback, degenerate: n=1 < 30, 36.8% of replicates undefined)",6317.0,True
Q5,perbin_mae_change_at_representative_cutoff,Mistral-Small-3.2,Grid-Overlay,,,,,,,,,,,,,,,,,0.8,0.14695652173913043,80-100,30.0,21.666666666666668,18.038135739474146,26.677865522455516,BCa,10000.0,False,6.0,13.166666666666666,6.5,19.2,"percentile (BCa fallback, degenerate: n=6 < 30, 0.1% of replicates undefined)",9985.0,True
Q5,perbin_mae_change_at_representative_cutoff,Mistral-Small-3.2,Point-Hint,,,,,,,,,,,,,,,,,0.85,0.23636363636363636,0-20,933.0,4.917738478027867,4.516445806362534,5.372590577876008,BCa,10000.0,False,162.0,3.186111111111111,1.9717654556896849,5.0866975925204425,BCa,10000.0,False
Q5,perbin_mae_change_at_representative_cutoff,Mistral-Small-3.2,Point-Hint,,,,,,,,,,,,,,,,,0.85,0.23636363636363636,20-40,108.0,8.36111111111111,7.08192184607386,9.887239868015236,BCa,10000.0,False,26.0,11.26923076923077,8.541666666666666,15.791666666666666,"BCa, degenerate: n=26 < 30",10000.0,True
Q5,perbin_mae_change_at_representative_cutoff,Mistral-Small-3.2,Point-Hint,,,,,,,,,,,,,,,,,0.85,0.23636363636363636,40-60,46.0,14.173913043478262,11.758269501754771,16.638540184270965,BCa,10000.0,False,26.0,10.0,7.25,12.629939819346486,"BCa, degenerate: n=26 < 30",10000.0,True
Q5,perbin_mae_change_at_representative_cutoff,Mistral-Small-3.2,Point-Hint,,,,,,,,,,,,,,,,,0.85,0.23636363636363636,60-80,38.0,18.789473684210527,14.189910455998971,23.783783783783782,BCa,10000.0,False,31.0,13.806451612903226,9.936029134116364,18.217391304347824,BCa,10000.0,False
Q5,perbin_mae_change_at_representative_cutoff,Mistral-Small-3.2,Point-Hint,,,,,,,,,,,,,,,,,0.85,0.23636363636363636,80-100,30.0,24.0,19.81349061855296,29.362042104446502,BCa,10000.0,False,28.0,21.607142857142858,18.231425644778426,25.22222222222222,"BCa, degenerate: n=28 < 30",10000.0,True
Q5,perbin_mae_change_at_representative_cutoff,Mistral-Small-3.2,Short,,,,,,,,,,,,,,,,,0.75,0.11861471861471862,0-20,933.0,5.234351554126474,4.878155370388511,5.628124882554634,BCa,10000.0,False,88.0,0.7426136363636364,0.22400067970296603,2.965528526464921,BCa,10000.0,False
Q5,perbin_mae_change_at_representative_cutoff,Mistral-Small-3.2,Short,,,,,,,,,,,,,,,,,0.75,0.11861471861471862,20-40,108.0,7.546296296296297,6.465154401024299,8.858391328140584,BCa,10000.0,False,1.0,35.0,35.0,35.0,"percentile (BCa fallback, degenerate: n=1 < 30, 36.8% of replicates undefined)",6321.0,True
Q5,perbin_mae_change_at_representative_cutoff,Mistral-Small-3.2,Short,,,,,,,,,,,,,,,,,0.75,0.11861471861471862,40-60,46.0,16.304347826086957,13.725361788068794,18.816326530612244,BCa,10000.0,False,7.0,6.428571428571429,1.6666666666666667,11.25,"percentile (BCa fallback, degenerate: n=7 < 30, 0.1% of replicates undefined)",9992.0,True
Q5,perbin_mae_change_at_representative_cutoff,Mistral-Small-3.2,Short,,,,,,,,,,,,,,,,,0.75,0.11861471861471862,60-80,38.0,24.710526315789473,19.34082818323536,30.203765725352042,BCa,10000.0,False,17.0,9.588235294117647,6.7,12.666666666666666,"BCa, degenerate: n=17 < 30",10000.0,True
Q5,perbin_mae_change_at_representative_cutoff,Mistral-Small-3.2,Short,,,,,,,,,,,,,,,,,0.75,0.11861471861471862,80-100,30.0,25.833333333333332,21.44730827578498,31.279501783182305,BCa,10000.0,False,24.0,21.083333333333332,17.562738262723386,25.09456150560919,"BCa, degenerate: n=24 < 30",10000.0,True
Q5,perbin_mae_change_at_representative_cutoff,Qwen-2.5,Detailed,,,,,,,,,,,,,,,,,0.85,0.30822510822510824,0-20,933.0,4.237995712754555,3.8876462192242065,4.652802917923044,BCa,10000.0,False,330.0,0.57,0.46688808154065836,0.7160323716990441,BCa,10000.0,False
Q5,perbin_mae_change_at_representative_cutoff,Qwen-2.5,Detailed,,,,,,,,,,,,,,,,,0.85,0.30822510822510824,20-40,108.0,6.87962962962963,5.669799802556513,8.38669542407499,BCa,10000.0,False,0.0,,,,n/a (empty subset),0.0,True
Q5,perbin_mae_change_at_representative_cutoff,Qwen-2.5,Detailed,,,,,,,,,,,,,,,,,0.85,0.30822510822510824,40-60,46.0,15.347826086956522,12.946687170405214,17.85774978659713,BCa,10000.0,False,4.0,14.5,13.0,15.0,"percentile (BCa fallback, degenerate: n=4 < 30, 2.1% of replicates undefined)",9793.0,True
Q5,perbin_mae_change_at_representative_cutoff,Qwen-2.5,Detailed,,,,,,,,,,,,,,,,,0.85,0.30822510822510824,60-80,38.0,23.710526315789473,18.969449639605926,28.419560083383473,BCa,10000.0,False,4.0,5.25,0.0,10.0,"percentile (BCa fallback, degenerate: n=4 < 30, 1.8% of replicates undefined)",9818.0,True
Q5,perbin_mae_change_at_representative_cutoff,Qwen-2.5,Detailed,,,,,,,,,,,,,,,,,0.85,0.30822510822510824,80-100,30.0,21.666666666666668,17.02828507915501,27.50167300437437,BCa,10000.0,False,18.0,13.277777777777779,10.278693725596309,16.64607221983437,"BCa, degenerate: n=18 < 30",10000.0,True
Q5,perbin_mae_change_at_representative_cutoff,Qwen-2.5,Grid-Overlay,,,,,,,,,,,,,,,,,0.85,0.21731601731601732,0-20,933.0,6.346248660235799,5.8368872463531005,6.9259277436088595,BCa,10000.0,False,244.0,0.728688524590164,0.6160397254822354,0.8892419771123289,BCa,10000.0,False
Q5,perbin_mae_change_at_representative_cutoff,Qwen-2.5,Grid-Overlay,,,,,,,,,,,,,,,,,0.85,0.21731601731601732,20-40,108.0,9.49074074074074,8.104761904761904,11.406793236105658,BCa,10000.0,False,0.0,,,,n/a (empty subset),0.0,True
Q5,perbin_mae_change_at_representative_cutoff,Qwen-2.5,Grid-Overlay,,,,,,,,,,,,,,,,,0.85,0.21731601731601732,40-60,46.0,11.478260869565217,9.5,13.579413652873082,BCa,10000.0,False,0.0,,,,n/a (empty subset),0.0,True
Q5,perbin_mae_change_at_representative_cutoff,Qwen-2.5,Grid-Overlay,,,,,,,,,,,,,,,,,0.85,0.21731601731601732,60-80,38.0,15.763157894736842,11.742857142857142,20.585365853658537,BCa,10000.0,False,0.0,,,,n/a (empty subset),0.0,True
Q5,perbin_mae_change_at_representative_cutoff,Qwen-2.5,Grid-Overlay,,,,,,,,,,,,,,,,,0.85,0.21731601731601732,80-100,30.0,15.666666666666666,13.16,18.366347192100786,BCa,10000.0,False,7.0,8.857142857142858,5.477777777777779,12.375,"percentile (BCa fallback, degenerate: n=7 < 30, 0.1% of replicates undefined)",9985.0,True
Q5,perbin_mae_change_at_representative_cutoff,Qwen-2.5,Point-Hint,,,,,,,,,,,,,,,,,0.85,0.6701298701298701,0-20,933.0,4.659431939978564,4.265599383545267,5.1178748618774765,BCa,10000.0,False,570.0,5.051578947368421,4.463291164478948,5.718670640240983,BCa,10000.0,False
Q5,perbin_mae_change_at_representative_cutoff,Qwen-2.5,Point-Hint,,,,,,,,,,,,,,,,,0.85,0.6701298701298701,20-40,108.0,7.592592592592593,6.505860156108478,9.084358818724887,BCa,10000.0,False,92.0,8.043478260869565,6.839519139199982,9.609251336819629,BCa,10000.0,False
Q5,perbin_mae_change_at_representative_cutoff,Qwen-2.5,Point-Hint,,,,,,,,,,,,,,,,,0.85,0.6701298701298701,40-60,46.0,12.478260869565217,10.17651549037591,15.025271287187701,BCa,10000.0,False,45.0,12.2,9.936170212765957,14.729703102521533,BCa,10000.0,False
Q5,perbin_mae_change_at_representative_cutoff,Qwen-2.5,Point-Hint,,,,,,,,,,,,,,,,,0.85,0.6701298701298701,60-80,38.0,21.94736842105263,17.498653760656524,26.792522514417143,BCa,10000.0,False,37.0,21.72972972972973,17.085714285714285,26.581861462523165,BCa,10000.0,False
Q5,perbin_mae_change_at_representative_cutoff,Qwen-2.5,Point-Hint,,,,,,,,,,,,,,,,,0.85,0.6701298701298701,80-100,30.0,20.166666666666668,16.502226671893034,24.060199955678804,BCa,10000.0,False,30.0,20.166666666666668,16.47601168062777,23.95775526444656,BCa,10000.0,False
Q5,perbin_mae_change_at_representative_cutoff,Qwen-2.5,Short,,,,,,,,,,,,,,,,,0.9,0.3445887445887446,0-20,933.0,5.712272240085744,5.249028593044256,6.255061240740327,BCa,10000.0,False,382.0,2.2399214659685867,2.0324084992752285,2.46069723325283,BCa,10000.0,False
Q5,perbin_mae_change_at_representative_cutoff,Qwen-2.5,Short,,,,,,,,,,,,,,,,,0.9,0.3445887445887446,20-40,108.0,8.712962962962964,7.4215448358715586,10.428765496231202,BCa,10000.0,False,0.0,,,,n/a (empty subset),0.0,True
Q5,perbin_mae_change_at_representative_cutoff,Qwen-2.5,Short,,,,,,,,,,,,,,,,,0.9,0.3445887445887446,40-60,46.0,12.956521739130435,10.5625,15.93250709951511,BCa,10000.0,False,1.0,25.0,25.0,25.0,"percentile (BCa fallback, degenerate: n=1 < 30, 37.2% of replicates undefined)",6284.0,True
Q5,perbin_mae_change_at_representative_cutoff,Qwen-2.5,Short,,,,,,,,,,,,,,,,,0.9,0.3445887445887446,60-80,38.0,19.18421052631579,14.903149986344154,23.947041101679236,BCa,10000.0,False,1.0,10.0,10.0,10.0,"percentile (BCa fallback, degenerate: n=1 < 30, 36.6% of replicates undefined)",6338.0,True
Q5,perbin_mae_change_at_representative_cutoff,Qwen-2.5,Short,,,,,,,,,,,,,,,,,0.9,0.3445887445887446,80-100,30.0,13.666666666666666,10.571428571428571,17.34937453649809,BCa,10000.0,False,14.0,7.214285714285714,4.0991364160017465,10.222222222222221,"BCa, degenerate: n=14 < 30",10000.0,True
