model,prompt,confidence_level,n_at_level,tpr,fpr,n_pos_total,n_neg_total,question_id
Gemma-3-12B,Detailed,0.75,4,0.009009009009009009,0.0028735632183908046,111,1044,Q5
Gemma-3-12B,Detailed,0.8,316,0.009009009009009009,0.3055555555555556,111,1044,Q5
Gemma-3-12B,Detailed,0.85,832,1.0,0.9971264367816092,111,1044,Q5
Gemma-3-12B,Detailed,0.95,1,1.0,0.9980842911877394,111,1044,Q5
Gemma-3-12B,Detailed,1.0,2,1.0,1.0,111,1044,Q5
Gemma-3-12B,Grid-Overlay,0.6,168,0.0,0.16884422110552763,147,995,Q5
Gemma-3-12B,Grid-Overlay,0.7,397,0.0,0.5678391959798995,147,995,Q5
Gemma-3-12B,Grid-Overlay,0.75,364,0.5782312925170068,0.8482412060301507,147,995,Q5
Gemma-3-12B,Grid-Overlay,0.8,179,0.9387755102040817,0.9748743718592965,147,995,Q5
Gemma-3-12B,Grid-Overlay,0.85,34,1.0,1.0,147,995,Q5
Gemma-3-12B,Point-Hint,0.6,350,0.01694915254237288,0.3511604439959637,118,991,Q5
Gemma-3-12B,Point-Hint,0.7,340,0.11016949152542373,0.6831483350151363,118,991,Q5
Gemma-3-12B,Point-Hint,0.75,400,0.9576271186440678,0.9858728557013118,118,991,Q5
Gemma-3-12B,Point-Hint,0.8,5,0.9661016949152542,0.9899091826437941,118,991,Q5
Gemma-3-12B,Point-Hint,0.85,13,1.0,0.9989909182643795,118,991,Q5
Gemma-3-12B,Point-Hint,0.95,1,1.0,1.0,118,991,Q5
Gemma-3-12B,Short,0.6,1,0.0,0.0009832841691248771,138,1017,Q5
Gemma-3-12B,Short,0.7,127,0.0,0.12586037364798427,138,1017,Q5
Gemma-3-12B,Short,0.75,364,0.391304347826087,0.4306784660766962,138,1017,Q5
Gemma-3-12B,Short,0.8,537,0.7463768115942029,0.9105211406096362,138,1017,Q5
Gemma-3-12B,Short,0.85,105,1.0,0.9793510324483776,138,1017,Q5
Gemma-3-12B,Short,0.95,4,1.0,0.983284169124877,138,1017,Q5
Gemma-3-12B,Short,1.0,17,1.0,1.0,138,1017,Q5
Gemma-3-27B,Detailed,0.85,343,0.8252427184466019,0.24524714828897337,103,1052,Q5
Gemma-3-27B,Detailed,0.9,718,1.0,0.9106463878326996,103,1052,Q5
Gemma-3-27B,Detailed,0.95,92,1.0,0.9980988593155894,103,1052,Q5
Gemma-3-27B,Detailed,1.0,2,1.0,1.0,103,1052,Q5
Gemma-3-27B,Grid-Overlay,0.8,363,0.33157894736842103,0.31088082901554404,190,965,Q5
Gemma-3-27B,Grid-Overlay,0.85,712,1.0,0.917098445595855,190,965,Q5
Gemma-3-27B,Grid-Overlay,0.9,53,1.0,0.9720207253886011,190,965,Q5
Gemma-3-27B,Grid-Overlay,0.95,25,1.0,0.9979274611398964,190,965,Q5
Gemma-3-27B,Grid-Overlay,1.0,2,1.0,1.0,190,965,Q5
Gemma-3-27B,Point-Hint,0.7,3,0.0,0.0028790786948176585,113,1042,Q5
Gemma-3-27B,Point-Hint,0.75,67,0.008849557522123894,0.06621880998080615,113,1042,Q5
Gemma-3-27B,Point-Hint,0.8,958,0.8230088495575221,0.8973128598848369,113,1042,Q5
Gemma-3-27B,Point-Hint,0.85,126,1.0,0.9990403071017274,113,1042,Q5
Gemma-3-27B,Point-Hint,0.95,1,1.0,1.0,113,1042,Q5
Gemma-3-27B,Short,0.8,33,0.013157894736842105,0.029657089898053754,76,1079,Q5
Gemma-3-27B,Short,0.85,880,1.0,0.7757182576459685,76,1079,Q5
Gemma-3-27B,Short,0.9,184,1.0,0.9462465245597775,76,1079,Q5
Gemma-3-27B,Short,0.95,46,1.0,0.9888785912882299,76,1079,Q5
Gemma-3-27B,Short,1.0,12,1.0,1.0,76,1079,Q5
Llama-4-Maverick,Detailed,0.5,1,0.007462686567164179,0.0,134,1021,Q5
Llama-4-Maverick,Detailed,0.6,1,0.007462686567164179,0.0009794319294809011,134,1021,Q5
Llama-4-Maverick,Detailed,0.7,10,0.03731343283582089,0.0068560235063663075,134,1021,Q5
Llama-4-Maverick,Detailed,0.8,350,0.44776119402985076,0.2957884427032321,134,1021,Q5
Llama-4-Maverick,Detailed,0.85,19,0.47761194029850745,0.31047992164544563,134,1021,Q5
Llama-4-Maverick,Detailed,0.9,207,0.5895522388059702,0.49853085210577863,134,1021,Q5
Llama-4-Maverick,Detailed,0.95,180,0.8731343283582089,0.6376101860920667,134,1021,Q5
Llama-4-Maverick,Detailed,1.0,387,1.0,1.0,134,1021,Q5
Llama-4-Maverick,Grid-Overlay,0.7,4,0.012658227848101266,0.0027881040892193307,79,1076,Q5
Llama-4-Maverick,Grid-Overlay,0.8,496,0.7974683544303798,0.40613382899628253,79,1076,Q5
Llama-4-Maverick,Grid-Overlay,0.85,2,0.7974683544303798,0.4079925650557621,79,1076,Q5
Llama-4-Maverick,Grid-Overlay,0.9,231,1.0,0.6078066914498141,79,1076,Q5
Llama-4-Maverick,Grid-Overlay,0.95,33,1.0,0.6384758364312267,79,1076,Q5
Llama-4-Maverick,Grid-Overlay,1.0,389,1.0,1.0,79,1076,Q5
Llama-4-Maverick,Point-Hint,0.5,1,0.0,0.0009191176470588235,66,1088,Q5
Llama-4-Maverick,Point-Hint,0.7,7,0.015151515151515152,0.006433823529411764,66,1088,Q5
Llama-4-Maverick,Point-Hint,0.75,2,0.015151515151515152,0.008272058823529412,66,1088,Q5
Llama-4-Maverick,Point-Hint,0.8,669,0.9393939393939394,0.5670955882352942,66,1088,Q5
Llama-4-Maverick,Point-Hint,0.85,3,0.9545454545454546,0.5689338235294118,66,1088,Q5
Llama-4-Maverick,Point-Hint,0.9,62,1.0,0.6231617647058824,66,1088,Q5
Llama-4-Maverick,Point-Hint,0.95,69,1.0,0.6865808823529411,66,1088,Q5
Llama-4-Maverick,Point-Hint,0.99,3,1.0,0.6893382352941176,66,1088,Q5
Llama-4-Maverick,Point-Hint,1.0,338,1.0,1.0,66,1088,Q5
Llama-4-Maverick,Short,0.8,662,0.9365079365079365,0.5521978021978022,63,1092,Q5
Llama-4-Maverick,Short,0.85,1,0.9365079365079365,0.5531135531135531,63,1092,Q5
Llama-4-Maverick,Short,0.9,110,1.0,0.6501831501831502,63,1092,Q5
Llama-4-Maverick,Short,0.95,192,1.0,0.826007326007326,63,1092,Q5
Llama-4-Maverick,Short,1.0,190,1.0,1.0,63,1092,Q5
Llama-4-Scout,Detailed,0.5,18,0.02127659574468085,0.015090543259557344,141,994,Q5
Llama-4-Scout,Detailed,0.7,63,0.09219858156028368,0.06841046277665996,141,994,Q5
Llama-4-Scout,Detailed,0.75,3,0.10638297872340426,0.06941649899396378,141,994,Q5
Llama-4-Scout,Detailed,0.8,476,0.45390070921985815,0.49899396378269617,141,994,Q5
Llama-4-Scout,Detailed,0.85,2,0.46808510638297873,0.49899396378269617,141,994,Q5
Llama-4-Scout,Detailed,0.9,82,0.6453900709219859,0.5563380281690141,141,994,Q5
Llama-4-Scout,Detailed,0.95,125,0.8652482269503546,0.6509054325955734,141,994,Q5
Llama-4-Scout,Detailed,1.0,366,1.0,1.0,141,994,Q5
Llama-4-Scout,Grid-Overlay,0.5,46,0.02247191011235955,0.04127579737335835,89,1066,Q5
Llama-4-Scout,Grid-Overlay,0.7,52,0.06741573033707865,0.08630393996247655,89,1066,Q5
Llama-4-Scout,Grid-Overlay,0.8,445,0.6629213483146067,0.4540337711069418,89,1066,Q5
Llama-4-Scout,Grid-Overlay,0.85,5,0.6629213483146067,0.45872420262664165,89,1066,Q5
Llama-4-Scout,Grid-Overlay,0.9,273,0.898876404494382,0.6951219512195121,89,1066,Q5
Llama-4-Scout,Grid-Overlay,0.95,39,0.9662921348314607,0.726078799249531,89,1066,Q5
Llama-4-Scout,Grid-Overlay,1.0,295,1.0,1.0,89,1066,Q5
Llama-4-Scout,Point-Hint,0.0,1,0.0,0.000980392156862745,111,1020,Q5
Llama-4-Scout,Point-Hint,0.1,2,0.0,0.0029411764705882353,111,1020,Q5
Llama-4-Scout,Point-Hint,0.5,95,0.02702702702702703,0.09313725490196079,111,1020,Q5
Llama-4-Scout,Point-Hint,0.6,2,0.02702702702702703,0.09509803921568627,111,1020,Q5
Llama-4-Scout,Point-Hint,0.7,45,0.07207207207207207,0.13431372549019607,111,1020,Q5
Llama-4-Scout,Point-Hint,0.8,554,0.7927927927927928,0.5990196078431372,111,1020,Q5
Llama-4-Scout,Point-Hint,0.85,20,0.8108108108108109,0.6166666666666667,111,1020,Q5
Llama-4-Scout,Point-Hint,0.9,116,0.9099099099099099,0.7196078431372549,111,1020,Q5
Llama-4-Scout,Point-Hint,0.95,85,1.0,0.7931372549019607,111,1020,Q5
Llama-4-Scout,Point-Hint,1.0,211,1.0,1.0,111,1020,Q5
Llama-4-Scout,Short,0.8,734,1.0,0.6112650046168052,72,1083,Q5
Llama-4-Scout,Short,0.9,7,1.0,0.6177285318559557,72,1083,Q5
Llama-4-Scout,Short,1.0,414,1.0,1.0,72,1083,Q5
Mistral-Small-3.2,Detailed,0.6,6,0.0,0.005649717514124294,93,1062,Q5
Mistral-Small-3.2,Detailed,0.7,1076,0.8602150537634409,0.943502824858757,93,1062,Q5
Mistral-Small-3.2,Detailed,0.75,32,0.9354838709677419,0.9670433145009416,93,1062,Q5
Mistral-Small-3.2,Detailed,0.8,22,0.978494623655914,0.9839924670433146,93,1062,Q5
Mistral-Small-3.2,Detailed,0.85,5,1.0,0.9868173258003766,93,1062,Q5
Mistral-Small-3.2,Detailed,0.9,1,1.0,0.987758945386064,93,1062,Q5
Mistral-Small-3.2,Detailed,0.95,13,1.0,1.0,93,1062,Q5
Mistral-Small-3.2,Grid-Overlay,0.7,981,0.9879518072289156,0.8425492033739457,83,1067,Q5
Mistral-Small-3.2,Grid-Overlay,0.8,139,1.0,0.971883786316776,83,1067,Q5
Mistral-Small-3.2,Grid-Overlay,0.9,30,1.0,1.0,83,1067,Q5
Mistral-Small-3.2,Point-Hint,0.7,203,0.029411764705882353,0.18491260349586017,68,1087,Q5
Mistral-Small-3.2,Point-Hint,0.75,1,0.029411764705882353,0.1858325666973321,68,1087,Q5
Mistral-Small-3.2,Point-Hint,0.8,678,0.5,0.7801287948482061,68,1087,Q5
Mistral-Small-3.2,Point-Hint,0.85,131,1.0,0.8693652253909844,68,1087,Q5
Mistral-Small-3.2,Point-Hint,0.9,134,1.0,0.9926402943882244,68,1087,Q5
Mistral-Small-3.2,Point-Hint,0.95,8,1.0,1.0,68,1087,Q5
Mistral-Small-3.2,Short,0.7,1018,0.8309859154929577,0.8846863468634686,71,1084,Q5
Mistral-Small-3.2,Short,0.75,40,1.0,0.9105166051660517,71,1084,Q5
Mistral-Small-3.2,Short,0.8,3,1.0,0.9132841328413284,71,1084,Q5
Mistral-Small-3.2,Short,0.85,7,1.0,0.9197416974169742,71,1084,Q5
Mistral-Small-3.2,Short,0.9,86,1.0,0.9990774907749077,71,1084,Q5
Mistral-Small-3.2,Short,0.95,1,1.0,1.0,71,1084,Q5
Qwen-2.5,Detailed,0.8,799,0.9540229885057471,0.6704119850187266,87,1068,Q5
Qwen-2.5,Detailed,0.85,83,1.0,0.7443820224719101,87,1068,Q5
Qwen-2.5,Detailed,0.9,25,1.0,0.7677902621722846,87,1068,Q5
Qwen-2.5,Detailed,0.95,203,1.0,0.9578651685393258,87,1068,Q5
Qwen-2.5,Detailed,1.0,45,1.0,1.0,87,1068,Q5
Qwen-2.5,Grid-Overlay,0.8,904,1.0,0.7595785440613027,111,1044,Q5
Qwen-2.5,Grid-Overlay,0.85,100,1.0,0.8553639846743295,111,1044,Q5
Qwen-2.5,Grid-Overlay,0.9,6,1.0,0.8611111111111112,111,1044,Q5
Qwen-2.5,Grid-Overlay,0.95,135,1.0,0.9904214559386973,111,1044,Q5
Qwen-2.5,Grid-Overlay,1.0,10,1.0,1.0,111,1044,Q5
Qwen-2.5,Point-Hint,0.8,381,0.07692307692307693,0.344954128440367,65,1090,Q5
Qwen-2.5,Point-Hint,0.85,510,0.9846153846153847,0.7587155963302752,65,1090,Q5
Qwen-2.5,Point-Hint,0.9,55,1.0,0.808256880733945,65,1090,Q5
Qwen-2.5,Point-Hint,0.95,202,1.0,0.9935779816513761,65,1090,Q5
Qwen-2.5,Point-Hint,1.0,7,1.0,1.0,65,1090,Q5
Qwen-2.5,Short,0.8,246,0.42424242424242425,0.19318181818181818,99,1056,Q5
Qwen-2.5,Short,0.85,511,0.98989898989899,0.6240530303030303,99,1056,Q5
Qwen-2.5,Short,0.9,234,1.0,0.8446969696969697,99,1056,Q5
Qwen-2.5,Short,0.95,164,1.0,1.0,99,1056,Q5
