question_id,model,prompt,overall_mae_local,overall_mae_local_ci_lo,overall_mae_local_ci_hi,overall_mae_api,overall_mae_api_ci_lo,overall_mae_api_ci_hi,overall_mae_diff_local_minus_api,overall_mae_diff_ci_lo,overall_mae_diff_ci_hi,overall_mae_diff_ci_method,balanced_mae_local,balanced_mae_local_ci_lo,balanced_mae_local_ci_hi,balanced_mae_api,balanced_mae_api_ci_lo,balanced_mae_api_ci_hi,balanced_mae_diff_local_minus_api,balanced_mae_diff_ci_lo,balanced_mae_diff_ci_hi,balanced_mae_diff_ci_method,balanced_mae_interval_uncorrected,floor_not_estimable_for_balanced_mae,maverick_floor_delta,caveat,tier,corrected,claim_wording,rank_local,rank_api,rank_change_local_minus_api
Q7,Llama-4-Maverick,Short,6.116320346320347,5.631244555923945,6.665956538262004,6.66991341991342,6.0717423740024525,7.370345513922427,-0.5535930735930732,-1.1217715584226005,-0.040663654480743903,BCa,11.209051674497458,10.194403385727549,12.309220532612278,15.38326429919806,13.435656952997563,17.922075589959416,-4.174212624700605,-6.5942998294057045,-2.3093497243192775,BCa,True,True,0.65,Maverick's balanced-MAE effect sits above a reproducibility floor this data cannot quantify on the balanced-MAE scale; the nearest available bound is the overall-MAE run-to-run floor delta_Mav=0.650.,secondary,False,stack and possibly weights,1,10,-9
Q7,Llama-4-Maverick,Point-Hint,6.460476190476191,5.983395585266784,7.0152759070140975,6.507662337662338,5.9480519480519485,7.131020995586413,-0.047186147186146776,-0.5640248283404152,0.4753724300873143,BCa,11.375880070767348,10.333471973056188,12.561539114072541,13.168220689583753,11.45163605820836,15.41002006434352,-1.7923406188164055,-3.875592613113253,-0.12631327435915998,BCa,True,True,0.65,Maverick's balanced-MAE effect sits above a reproducibility floor this data cannot quantify on the balanced-MAE scale; the nearest available bound is the overall-MAE run-to-run floor delta_Mav=0.650.,secondary,False,stack and possibly weights,2,4,-2
Q7,Qwen-2.5,Grid-Overlay,7.396580086580086,6.913669307482939,7.933799185332158,6.379523809523809,5.920409192880848,6.905204426308257,1.0170562770562777,0.7604747608724445,1.2803957076267407,BCa,11.749014966389051,10.657884346792638,12.976308846500782,11.620306031711774,10.430839082930822,12.971816228911855,0.1287089346772774,-0.6369349519782306,0.7893006091939762,BCa,True,False,,,secondary,False,stack and possibly weights,3,1,2
Q7,Llama-4-Maverick,Grid-Overlay,6.0750216450216445,5.601310982112605,6.595274431184308,6.10064935064935,5.588586991428263,6.70222760086071,-0.025627705627705666,-0.4909687721992331,0.45824806658640815,BCa,11.815106900443086,10.657055180334794,13.132583829357712,13.55448388045311,11.85868655617992,15.69434127074759,-1.7393769800100234,-3.6836913090195873,0.11526844109244042,BCa,True,True,0.65,Maverick's balanced-MAE effect sits above a reproducibility floor this data cannot quantify on the balanced-MAE scale; the nearest available bound is the overall-MAE run-to-run floor delta_Mav=0.650.,secondary,False,stack and possibly weights,4,5,-1
Q7,Qwen-2.5,Short,6.9312121212121225,6.4537126964177824,7.453028955596445,5.7884415584415585,5.352871349760118,6.25991341991342,1.142770562770564,0.8779220779220784,1.4205406465941635,BCa,12.04652682703232,10.807805094734624,13.397466272141251,12.071854004740171,10.811207586285098,13.501406356868308,-0.025327177707849202,-0.8293376472296213,0.8789663998257239,BCa,True,False,,,secondary,False,stack and possibly weights,5,2,3
Q7,Llama-4-Scout,Short,6.305844155844156,5.804733560541045,6.862964296133021,7.502900432900431,7.001850280554011,8.085883182171699,-1.1970562770562756,-1.6814718614718611,-0.7318423463561421,BCa,12.679774494486834,11.267158565384989,14.66070118944652,14.361607316441063,12.697731293164493,16.52623634334863,-1.681832821954231,-3.5617331314847367,-0.03395289035617816,BCa,True,False,,,secondary,False,stack and possibly weights,6,7,-1
Q7,Qwen-2.5,Point-Hint,6.216666666666667,5.768644783351023,6.7169017235786646,6.168354978354977,5.716633778677236,6.6791423643426375,0.048311688311689416,-0.1505627705627701,0.24718614718614665,BCa,13.368864097971136,12.063646343646901,14.734762110335103,13.01305668718451,11.714488907825844,14.42493699957398,0.3558074107866247,-0.20731841193157596,0.9612774397089141,BCa,True,False,,,secondary,False,stack and possibly weights,7,3,4
Q7,Llama-4-Scout,Grid-Overlay,6.694415584415584,6.155789495635728,7.282616240442951,10.07978354978355,9.53181188189413,10.689310037093687,-3.3853679653679656,-3.9436675056140604,-2.808467593130765,BCa,13.40693654893093,12.085583773558305,15.032353012188238,14.093844693361936,12.684806010905465,15.769027672298863,-0.6869081444310083,-2.173051004507355,0.700211099693178,BCa,True,False,,,secondary,False,stack and possibly weights,8,6,2
Q7,Mistral-Small-3.2,Grid-Overlay,7.3235064935064935,6.883456453349812,7.828541801416963,5.990432900432901,5.515498647648156,6.514434171928368,1.3330735930735926,0.9821117254918598,1.6698701298701304,BCa,13.64709670474554,12.32498995508149,15.13855134184374,15.715592653363998,14.271112854203885,17.341505734742693,-2.068495948618459,-3.418361499456972,-0.7888998881138225,BCa,True,False,,,secondary,False,stack and possibly weights,9,14,-5
Q7,Gemma-3-12B,Short,9.437272727272727,8.922936094268556,10.010303030303028,9.018225108225108,8.48515123444008,9.587792207792209,0.41904761904761934,0.08693809086042767,0.7481468067549109,BCa,13.944539776519292,12.59989284937039,15.548047905581427,14.484327839652877,13.007901788675957,16.087049563383466,-0.539788063133587,-1.5582517184439653,0.47233008701628604,BCa,True,False,,,secondary,False,stack and possibly weights,10,8,2
Q7,Llama-4-Scout,Point-Hint,7.769549783549784,7.176516740107286,8.40412825521943,9.238337662337662,8.598366172146054,9.937316017316018,-1.4687878787878779,-2.0686737302545226,-0.8746983851964457,BCa,13.957161799095186,12.524489106226875,15.757371279379397,15.517145603379651,13.990673389467284,17.11209074832983,-1.5599838042844656,-3.4150090821520367,0.16370784204461267,BCa,True,False,,,secondary,False,stack and possibly weights,11,12,-1
Q7,Mistral-Small-3.2,Point-Hint,6.560389610389611,6.09831485007075,7.084434927137765,6.024112554112554,5.511515151515151,6.587854300923992,0.5362770562770569,0.1671121544444182,0.9128467599565808,BCa,14.048447263365555,12.670516557900221,15.514439665868899,18.68933902240884,17.26232624321148,20.195152214568335,-4.64089175904329,-5.780195130070451,-3.56175048260755,BCa,True,False,,,secondary,False,stack and possibly weights,12,18,-6
Q7,Gemma-3-12B,Point-Hint,8.751038961038962,8.214451845303559,9.325842059579557,8.444112554112555,7.9201077668696325,9.027384158327537,0.30692640692640616,-0.03636688622685031,0.663636363636364,BCa,14.264157003877107,12.928653719667269,15.874232888410162,15.433707409941821,13.897040278612709,16.988957512823088,-1.1695504060647117,-2.350080719016084,-0.04562607234866338,BCa,True,False,,,secondary,False,stack and possibly weights,13,11,2
Q7,Qwen-2.5,Detailed,6.020822510822511,5.571207753008066,6.536429209952445,5.4119913419913415,4.973305807526545,5.93126689086328,0.6088311688311698,0.3069746910115264,0.8911025013619811,BCa,14.36852888235937,12.898512939315829,15.950229258456236,15.299833535405066,13.66715400227244,17.166226842446218,-0.9313046530456983,-2.5741458191780966,-0.05383409121783799,BCa,True,False,,,secondary,False,stack and possibly weights,14,9,5
Q7,Gemma-3-27B,Grid-Overlay,12.342380952380953,11.844153696705765,12.87970518990554,12.34021645021645,11.819889856324414,12.898043412712628,0.00216450216450248,-0.36660535348714157,0.35854558237318845,BCa,14.380937610114106,13.148663401541492,15.758567959986118,15.554414707333908,14.125908866701515,16.998139350869536,-1.1734770972198056,-2.2808341164182253,-0.06549190277354493,BCa,True,False,,,secondary,False,stack and possibly weights,15,13,2
Q7,Gemma-3-27B,Point-Hint,9.694329004329004,9.225993455090109,10.203085625877172,10.032857142857143,9.541783951995596,10.598923029149294,-0.33852813852813846,-0.6441558441558444,-0.04675324675324788,BCa,14.456707233622993,13.115497535306865,15.943856902245901,16.316390734513718,14.772670457032264,17.95338847045011,-1.8596835008907213,-2.8871152745381616,-0.9862624690557185,BCa,True,False,,,secondary,False,stack and possibly weights,16,15,1
Q7,Gemma-3-27B,Short,8.002987012987012,7.5673693688489605,8.516883080669961,8.264025974025975,7.808852240048335,8.785011933361652,-0.2610389610389632,-0.543064231642665,0.021991341991341878,BCa,14.66259819010222,12.986079720262286,16.447141288633624,16.40305002140625,14.933599858455446,17.922241252460463,-1.740451831304032,-2.854423064210492,-0.5586313387744899,BCa,True,False,,,secondary,False,stack and possibly weights,17,16,1
Q7,Gemma-3-12B,Grid-Overlay,10.774848484848485,10.24553855232726,11.33407602050662,10.355800865800866,9.828951968506265,10.93151173614868,0.41904761904761934,0.04935064935064956,0.7688311688311684,BCa,15.73782851236235,14.367431324958568,17.2196163065101,17.334909607304997,15.910540577733256,18.753059016204073,-1.597081094942645,-2.73708261390508,-0.4832550138417755,BCa,True,False,,,secondary,False,stack and possibly weights,18,17,1
Q7,Mistral-Small-3.2,Short,7.067229437229438,6.593860105171307,7.581385281385281,6.230259740259739,5.679366184523774,6.848737506011179,0.8369696969696987,0.4708555116360227,1.196366629882599,BCa,15.925771065126506,14.40903214799479,17.531670487631597,20.3932274003274,18.624091072656675,22.070302468894955,-4.467456335200895,-5.790893964905587,-3.3445801912608184,BCa,True,False,,,secondary,False,stack and possibly weights,19,19,0
Q7,Mistral-Small-3.2,Detailed,9.421601731601733,8.920255342165413,9.990445908332727,6.938917748917748,6.296007791762155,7.700328666031968,2.4826839826839846,1.9278912419974839,3.019656406692051,BCa,18.560615121069993,16.965528006017763,20.088798366805065,26.04007833788301,24.14646472406694,27.922479021623765,-7.4794632168130235,-9.036513161163025,-6.049628953783944,BCa,True,False,,,secondary,False,stack and possibly weights,20,23,-3
Q7,Gemma-3-12B,Detailed,9.65969696969697,9.094947658153469,10.28125870651684,9.546277056277058,8.965567473314826,10.191645123679638,0.11341991341991253,-0.24761904761904704,0.47532467532467493,BCa,20.36248762974899,18.4312197958742,22.315936036195833,21.942746393298904,19.962277737231318,24.004137645477837,-1.5802587635499101,-3.00564922452276,0.04185504358814581,BCa,True,False,,,secondary,False,stack and possibly weights,21,21,0
Q7,Gemma-3-27B,Detailed,10.885238095238096,10.333033525963991,11.48927404721098,10.864891774891776,10.278665924048399,11.54770091363786,0.020346320346320113,-0.2969696969696969,0.33010805872397275,BCa,21.249099771112544,19.040489038776816,23.410943315837436,23.426338114107985,21.134467816723078,25.559966036336615,-2.177238342995441,-3.369191959407635,-1.206985257796956,BCa,True,False,,,secondary,False,stack and possibly weights,22,22,0
Q7,Llama-4-Maverick,Detailed,8.264285714285714,7.464685449406587,9.204950772128669,7.997186147186147,7.339825125707817,8.75564975128488,0.2670995670995673,-0.417755332884232,0.9724439888756965,BCa,30.0386919132337,27.22364624482464,32.750892375247595,21.2322596552272,18.702564744955797,23.9916023917202,8.806432258006492,5.694426149396894,11.867911000793312,BCa,True,True,0.65,Maverick's balanced-MAE effect sits above a reproducibility floor this data cannot quantify on the balanced-MAE scale; the nearest available bound is the overall-MAE run-to-run floor delta_Mav=0.650.,secondary,False,stack and possibly weights,23,20,3
Q7,Llama-4-Scout,Detailed,9.238831168831167,8.377634933662716,10.224909087050655,14.024285714285714,13.152251082251084,14.977445887445885,-4.785454545454547,-5.5857548722853325,-3.9904761904761905,BCa,32.02873673963868,28.734438776298088,35.04093332688571,29.414123721313786,26.37474587270507,32.20460410488381,2.6146130183248957,0.2578543765776604,4.766961482108201,BCa,True,False,,,secondary,False,stack and possibly weights,24,24,0
