image,reference,baseline_prediction,absolute_error,bin
IMG_20241126_084446.jpg,7.0,0.762806046975003,6.237193953024997,0-20
IMG_20241126_084802.jpg,16.0,0.9614441190677454,15.038555880932254,0-20
IMG_20241126_085116.jpg,5.0,1.11168450368313,3.88831549631687,0-20
IMG_20241126_085422.jpg,4.0,0.3315194420963652,3.668480557903635,0-20
IMG_20241126_085623.jpg,5.0,0.2737346787827557,4.7262653212172445,0-20
IMG_20241126_085912.jpg,7.0,0.4098236927907258,6.5901763072092745,0-20
IMG_20241126_090210.jpg,4.0,0.2249596214225335,3.7750403785774664,0-20
IMG_20241126_091749.jpg,20.0,0.3168963591353701,19.68310364086463,0-20
IMG_20241126_092056.jpg,4.0,0.3027921597633136,3.6972078402366866,0-20
IMG_20241126_092425.jpg,25.0,1.2620192307692308,23.73798076923077,20-40
IMG_20241126_092823.jpg,22.0,1.754817126554764,20.245182873445238,20-40
IMG_20241126_093846.jpg,2.0,0.2928390291027654,1.7071609708972346,0-20
IMG_20241126_094122.jpg,3.0,0.4041159733124019,2.595884026687598,0-20
IMG_20241126_094419.jpg,2.0,0.48779774483758,1.51220225516242,0-20
IMG_20241126_094657.jpg,2.0,0.3782189651008332,1.6217810348991668,0-20
IMG_20241126_094902.jpg,3.0,0.7537019985508997,2.2462980014491003,0-20
IMG_20241126_095239.jpg,20.0,1.5233478746528195,18.47665212534718,0-20
IMG_20241126_095525.jpg,15.0,1.779157483999517,13.220842516000483,0-20
IMG_20241126_095834.jpg,4.0,0.6570009660669002,3.3429990339330997,0-20
IMG_20241126_100125.jpg,2.0,0.611197696534235,1.388802303465765,0-20
IMG_20241126_100718.jpg,12.0,0.82210028982007,11.17789971017993,0-20
IMG_20241126_101047.jpg,3.0,0.8182322485207101,2.18176775147929,0-20
IMG_20241126_101358.jpg,1.0,0.2804801654389566,0.7195198345610434,0-20
IMG_20241126_101530.jpg,2.0,0.3365667642796763,1.6634332357203236,0-20
IMG_20241126_102556.jpg,3.0,0.4002479320130419,2.599752067986958,0-20
IMG_20241126_103008.jpg,2.0,0.5041189922714648,1.4958810077285352,0-20
IMG_20241126_103301.jpg,6.0,0.6359154238618524,5.364084576138148,0-20
IMG_20241126_103535.jpg,2.0,0.3149151672503321,1.685084832749668,0-20
IMG_20241126_104221.jpg,6.0,0.3287835104455983,5.671216489554402,0-20
IMG_20241126_104356.jpg,5.0,0.4080783570824779,4.591921642917522,0-20
IMG_20241126_104542.jpg,12.0,0.3407650042265427,11.659234995773458,0-20
IMG_20241126_104734.jpg,8.0,1.1257887030551863,6.8742112969448135,0-20
IMG_20241126_104858.jpg,3.0,0.3985497675401521,2.601450232459848,0-20
IMG_20241126_105026.jpg,20.0,0.1269849655838666,19.873015034416134,0-20
IMG_20241126_105240.jpg,3.0,0.0254724670933462,2.9745275329066536,0-20
IMG_20241126_105411.jpg,13.0,0.6951153242362034,12.304884675763796,0-20
IMG_20241126_105655.jpg,3.0,0.2192990731795676,2.7807009268204324,0-20
IMG_20241126_110015.jpg,16.0,1.0215402729138994,14.9784597270861,0-20
IMG_20241126_143706.jpg,0.0,0.5375162269049631,0.5375162269049631,0-20
IMG_20241126_144236.jpg,16.0,0.5867158253834078,15.413284174616592,0-20
IMG_20241126_144523.jpg,40.0,2.8473029374471683,37.15269706255283,20-40
IMG_20241126_150336.jpg,0.0,0.54218617920541,0.54218617920541,0-20
IMG_20241126_150443.jpg,0.0,1.02804990339331,1.02804990339331,0-20
IMG_20241126_150622.jpg,35.0,4.67952806122449,30.320471938775512,20-40
IMG_20241126_150922.jpg,4.0,2.3773359195749304,1.6226640804250696,0-20
IMG_20241126_151527.jpg,16.0,4.308384781427364,11.691615218572636,0-20
IMG_20241126_151736.jpg,0.0,0.492656382079459,0.492656382079459,0-20
IMG_20241126_151948.jpg,10.0,2.26615331783601,7.73384668216399,0-20
IMG_20241126_152130.jpg,25.0,2.851265321217244,22.148734678782755,20-40
IMG_20241126_152316.jpg,2.0,0.0521713863060016,1.9478286136939984,0-20
IMG_20241126_152445.jpg,6.0,1.4922620305518657,4.507737969448135,0-20
IMG_20241126_152548.jpg,1.0,1.1212130932254558,0.12121309322545581,0-20
IMG_20241126_152645.jpg,2.0,1.315652925371332,0.684347074628668,0-20
IMG_20241126_152822.jpg,40.0,2.5014434398019563,37.49855656019805,20-40
IMG_20241126_152911.jpg,3.0,2.07930805458278,0.9206919454172202,0-20
IMG_20241126_153148.jpg,0.0,1.3309364056273396,1.3309364056273396,0-20
IMG_20241126_153307.jpg,85.0,16.54762219236807,68.45237780763193,80-100
IMG_20241126_153435.jpg,16.0,1.6620313066054824,14.337968693394517,0-20
IMG_20241126_153706.jpg,3.0,1.5087247916918247,1.4912752083081753,0-20
IMG_20241126_153819.jpg,66.0,18.9642045797609,47.0357954202391,60-80
IMG_20241126_154031.jpg,0.0,0.7769102463470595,0.7769102463470595,0-20
IMG_20241126_154250.jpg,75.0,9.445285140683492,65.5547148593165,60-80
IMG_20241126_154528.jpg,75.0,6.203536333172322,68.79646366682768,60-80
IMG_20241126_154708.jpg,0.0,0.5388370214949886,0.5388370214949886,0-20
IMG_20241126_154752.jpg,66.0,15.562969825504164,50.43703017449584,60-80
IMG_20241126_154920.jpg,0.0,0.5272328975969086,0.5272328975969086,0-20
IMG_20241126_155025.jpg,99.0,7.158848191643521,91.84115180835647,80-100
IMG_20241126_155143.jpg,54.0,10.538714376283057,43.46128562371695,40-60
IMG_20241126_155352.jpg,48.0,17.949787163386066,30.050212836613934,40-60
IMG_20241126_155524.jpg,0.0,0.8712998882985147,0.8712998882985147,0-20
IMG_20241126_155609.jpg,0.0,0.787146404419756,0.787146404419756,0-20
IMG_20241126_155723.jpg,67.0,26.31480384313489,40.68519615686511,60-80
IMG_20241126_160231.jpg,64.0,20.2066949190919,43.7933050809081,60-80
IMG_20241126_160448.jpg,87.0,18.265692926578915,68.73430707342109,80-100
IMG_20241127_075847.jpg,4.0,2.610739192126555,1.3892608078734452,0-20
IMG_20241127_080840.jpg,1.0,1.7378354818258663,0.7378354818258663,0-20
IMG_20241127_080945.jpg,2.0,1.91831262830576,0.0816873716942399,0-20
IMG_20241127_081345.jpg,5.0,1.6452855180533752,3.354714481946625,0-20
IMG_20241127_081518.jpg,1.0,0.2814707613814756,0.7185292386185245,0-20
IMG_20241127_081703.jpg,19.0,2.0178439349112427,16.98215606508876,0-20
IMG_20241127_081908.jpg,2.0,2.0410993539427604,0.04109935394276043,0-20
IMG_20241127_082050.jpg,2.0,1.1559782936843377,0.8440217063156623,0-20
IMG_20241127_082154.jpg,3.0,1.300086417703176,1.699913582296824,0-20
IMG_20241127_082301.jpg,6.0,1.5981142826953267,4.4018857173046735,0-20
IMG_20241127_082501.jpg,10.0,2.033787812462263,7.966212187537737,0-20
IMG_20241127_082723.jpg,8.0,0.8098357686269774,7.190164231373022,0-20
IMG_20241127_083711.jpg,8.0,0.8836587519623234,7.116341248037677,0-20
IMG_20241127_083857.jpg,3.0,0.4062858501388721,2.593714149861128,0-20
IMG_20241127_084044.jpg,2.0,0.675303405385823,1.3246965946141769,0-20
IMG_20241127_084206.jpg,1.0,1.0337104516362758,0.03371045163627584,0-20
IMG_20241127_084344.jpg,2.0,0.4370414955923197,1.5629585044076804,0-20
IMG_20241127_084545.jpg,0.5,0.4074179597874652,0.0925820402125348,0-20
IMG_20241127_084658.jpg,5.0,1.92364297790122,3.07635702209878,0-20
IMG_20241127_085229.jpg,14.0,1.126496271585557,12.873503728414443,0-20
IMG_20241127_085618.jpg,0.5,0.2446771978021978,0.25532280219780223,0-20
IMG_20241127_085719.jpg,0.0,0.3281231131505857,0.3281231131505857,0-20
IMG_20241127_085912.jpg,0.5,0.2736875075473977,0.22631249245260232,0-20
IMG_20241127_090005.jpg,0.0,0.3259060650887574,0.3259060650887574,0-20
IMG_20241127_090101.jpg,14.0,2.421205168457916,11.578794831542083,0-20
IMG_20241127_090400.jpg,7.0,0.3252928390291028,6.674707160970897,0-20
IMG_20241127_090602.jpg,4.0,0.3567088817775631,3.643291118222437,0-20
IMG_20241127_091534.jpg,0.5,0.1381173771283661,0.36188262287163386,0-20
IMG_20241127_091719.jpg,0.5,0.8076658918005072,0.3076658918005072,0-20
IMG_20241127_091841.jpg,4.0,0.5151570613452482,3.4848429386547517,0-20
IMG_20241127_091939.jpg,1.0,0.2630739795918367,0.7369260204081634,0-20
IMG_20241127_092252.jpg,2.0,0.7032287767177877,1.2967712232822124,0-20
IMG_20241127_092848.jpg,16.0,0.9466795224006762,15.053320477599323,0-20
IMG_20241127_093122.jpg,4.0,1.8765189137785288,2.1234810862214712,0-20
IMG_20241127_093311.jpg,5.0,1.0158797246709337,3.984120275329066,0-20
IMG_20241127_093500.jpg,1.0,0.6863886456949644,0.3136113543050356,0-20
IMG_20241127_093611.jpg,0.5,2.050156231131506,1.5501562311315058,0-20
IMG_20241127_132641.jpg,41.0,1.6783525540393671,39.321647445960636,40-60
IMG_20241127_132830.jpg,4.0,0.3922288220021736,3.6077711779978263,0-20
IMG_20241127_133004.jpg,0.0,1.403297080666586,1.403297080666586,0-20
IMG_20241127_133121.jpg,0.0,0.8686111278831059,0.8686111278831059,0-20
IMG_20241127_133242.jpg,0.0,0.8475727569134163,0.8475727569134163,0-20
IMG_20241127_133357.jpg,32.0,0.9987093950006036,31.001290604999397,20-40
IMG_20241127_134428.jpg,3.0,1.8509521042144668,1.1490478957855332,0-20
IMG_20241127_134602.jpg,1.0,1.4020234573119188,0.4020234573119188,0-20
IMG_20241127_134710.jpg,11.0,0.95045322122932,10.04954677877068,0-20
IMG_20241127_134847.jpg,0.5,0.1566085013887211,0.34339149861127893,0-20
IMG_20241127_134949.jpg,0.0,0.1075975878517087,0.1075975878517087,0-20
IMG_20241127_135138.jpg,5.0,0.3373215040454051,4.662678495954595,0-20
IMG_20241127_135654.jpg,2.0,0.9384245562130178,1.0615754437869822,0-20
IMG_20241127_135920.jpg,22.0,0.5745928178963893,21.425407182103612,20-40
IMG_20241127_140118.jpg,0.0,0.4978452179688443,0.4978452179688443,0-20
IMG_20241127_140231.jpg,0.0,0.8979516362758121,0.8979516362758121,0-20
IMG_20241127_140454.jpg,50.0,1.0934764068349234,48.906523593165076,40-60
IMG_20241127_140638.jpg,0.5,1.4766483516483515,0.9766483516483515,0-20
IMG_20241127_140754.jpg,1.0,1.4650913989856298,0.4650913989856298,0-20
IMG_20241127_141244.jpg,0.0,1.8329326923076923,1.8329326923076923,0-20
IMG_20241127_141345.jpg,0.0,0.9045556092259388,0.9045556092259388,0-20
IMG_20241127_141602.jpg,0.0,1.153053677092139,1.153053677092139,0-20
IMG_20241127_141714.jpg,0.0,0.2602437054703538,0.2602437054703538,0-20
IMG_20241127_141857.jpg,7.0,4.892411846395363,2.1075881536046372,0-20
IMG_20241127_142039.jpg,0.0,0.0316047276898925,0.0316047276898925,0-20
IMG_20241127_142134.jpg,0.0,0.1799110916555971,0.1799110916555971,0-20
IMG_20241127_142330.jpg,0.0,0.5660076530612245,0.5660076530612245,0-20
IMG_20241127_142414.jpg,0.0,0.5787910578432557,0.5787910578432557,0-20
IMG_20241127_142529.jpg,1.0,0.6268585466731071,0.37314145332689286,0-20
IMG_20241127_142641.jpg,0.0,1.9030763192851103,1.9030763192851103,0-20
IMG_20241127_142854.jpg,0.0,0.8398838455500544,0.8398838455500544,0-20
IMG_20241127_143129.jpg,0.0,0.472278408404782,0.472278408404782,0-20
IMG_20241127_143341.jpg,0.0,1.131920963651733,1.131920963651733,0-20
IMG_20241127_143427.jpg,0.0,0.2781216036710542,0.2781216036710542,0-20
IMG_20241127_143540.jpg,0.0,0.4522778046129694,0.4522778046129694,0-20
IMG_20241127_143704.jpg,0.0,0.3228399347904842,0.3228399347904842,0-20
IMG_20241127_143846.jpg,0.0,0.6428495954594856,0.6428495954594856,0-20
IMG_20241128_103606.jpg,25.0,0.3421329700519261,24.657867029948076,20-40
IMG_20241128_103848.jpg,0.0,0.232223991667673,0.232223991667673,0-20
IMG_20241128_104116.jpg,6.0,0.8235625981161695,5.17643740188383,0-20
IMG_20241128_104429.jpg,10.0,0.1550046793865475,9.844995320613453,0-20
IMG_20241128_104612.jpg,80.0,7.345599112426036,72.65440088757397,60-80
IMG_20241128_104838.jpg,98.0,8.428933703658979,89.57106629634102,80-100
IMG_20241128_105124.jpg,32.0,3.084338395121362,28.915661604878636,20-40
IMG_20241128_105448.jpg,75.0,7.295739116652578,67.70426088334742,60-80
IMG_20241128_105725.jpg,5.0,2.019164729501268,2.980835270498732,0-20
IMG_20241128_105859.jpg,64.0,5.041425778891438,58.95857422110856,60-80
IMG_20241128_110307.jpg,48.0,3.4258109678782755,44.57418903212172,40-60
IMG_20241128_110552.jpg,98.0,4.029461266755223,93.97053873324478,80-100
IMG_20241128_110907.jpg,0.0,1.3247098025600772,1.3247098025600772,0-20
IMG_20241128_111736.jpg,4.5,2.6893264702330635,1.8106735297669365,0-20
IMG_20241128_111934.jpg,54.0,3.4268959062915108,50.57310409370849,40-60
IMG_20241128_112330.jpg,0.0,0.7903540484241034,0.7903540484241034,0-20
IMG_20241128_112436.jpg,71.0,3.1662748309382924,67.83372516906171,60-80
IMG_20241128_112632.jpg,8.0,0.5234120275329066,7.476587972467094,0-20
IMG_20241128_112920.jpg,0.0,0.6357267389204202,0.6357267389204202,0-20
IMG_20241128_121551.jpg,0.0,1.298341081994928,1.298341081994928,0-20
IMG_20241128_121748.jpg,49.0,2.369977206859075,46.630022793140924,40-60
IMG_20241128_122000.jpg,65.0,9.18329609950489,55.81670390049511,60-80
IMG_20241128_122213.jpg,0.0,1.244660216157469,1.244660216157469,0-20
IMG_20241128_122309.jpg,0.0,0.6972852010626736,0.6972852010626736,0-20
IMG_20241128_122503.jpg,65.0,9.67930163929477,55.32069836070523,60-80
IMG_20241128_122742.jpg,50.0,4.534901053616713,45.465098946383286,40-60
IMG_20241128_123126.jpg,3.0,0.3476520045888178,2.652347995411182,0-20
IMG_20241128_123251.jpg,0.0,0.1022672382562492,0.1022672382562492,0-20
IMG_20241128_123405.jpg,0.0,0.2333089300809081,0.2333089300809081,0-20
IMG_20241128_123548.jpg,0.0,1.8138755132230409,1.8138755132230409,0-20
IMG_20241128_123702.jpg,0.5,1.149468663204927,0.6494686632049269,0-20
IMG_20241128_123944.jpg,0.0,0.4473719961357324,0.4473719961357324,0-20
IMG_20241128_124132.jpg,60.0,1.8517540152155536,58.148245984784445,40-60
IMG_20241128_124527.jpg,1.0,1.0199364509117257,0.01993645091172569,0-20
IMG_20241128_125057.jpg,45.0,1.142959032725516,43.857040967274486,40-60
IMG_20241128_125307.jpg,0.0,0.4736935454655235,0.4736935454655235,0-20
IMG_20241128_125451.jpg,2.0,1.5520751569858713,0.4479248430141287,0-20
IMG_20241128_125650.jpg,0.0,0.8301665710662963,0.8301665710662963,0-20
IMG_20241129_113219.jpg,0.7,0.8858286287887936,0.1858286287887937,0-20
IMG_20241129_113455.jpg,12.0,0.0539638932496075,11.946036106750393,0-20
IMG_20241129_114202.jpg,1.0,0.1817979410699191,0.8182020589300809,0-20
IMG_20241129_114338.jpg,65.0,1.770336462987562,63.229663537012435,60-80
IMG_20241129_114600.jpg,0.5,1.2994260204081634,0.7994260204081634,0-20
IMG_20241129_114732.jpg,43.0,1.6999098085979951,41.300090191402006,40-60
IMG_20241129_114940.jpg,23.0,0.63549088274363,22.36450911725637,20-40
IMG_20241129_115722.jpg,2.0,0.7385128607656081,1.2614871392343918,0-20
IMG_20241129_115826.jpg,2.0,0.6300661906774544,1.3699338093225455,0-20
IMG_20241129_115957.jpg,4.0,0.1384947470112305,3.8615052529887697,0-20
IMG_20241129_120123.jpg,0.25,0.6413872871633861,0.3913872871633861,0-20
IMG_20241129_120231.jpg,10.0,0.9747464074387152,9.025253592561285,0-20
IMG_20241129_120423.jpg,10.0,0.811392419393793,9.188607580606208,0-20
IMG_20241129_120605.jpg,3.0,0.6327077798575051,2.367292220142495,0-20
IMG_20241129_120908.jpg,1.0,0.8227606871150828,0.17723931288491723,0-20
IMG_20241129_121050.jpg,44.0,2.2764838183794227,41.723516181620575,40-60
IMG_20241129_121327.jpg,0.0,1.2694722859558023,1.2694722859558023,0-20
IMG_20241129_121416.jpg,43.0,1.1674409038763434,41.83255909612366,40-60
IMG_20241129_121549.jpg,40.0,0.4614290242724309,39.538570975727566,20-40
IMG_20241129_121813.jpg,3.0,0.7778064998188624,2.2221935001811377,0-20
IMG_20241129_122316.jpg,35.0,0.3900117739403453,34.609988226059656,20-40
IMG_20241129_122550.jpg,7.0,0.2130724701123053,6.786927529887695,0-20
IMG_20241129_123509.jpg,25.0,0.4858637241879,24.5141362758121,20-40
IMG_20241129_123850.jpg,2.0,0.6241697862576984,1.3758302137423017,0-20
IMG_20241129_124005.jpg,0.0,0.1967983939137785,0.1967983939137785,0-20
IMG_20241129_124107.jpg,10.0,0.0817949221108561,9.918205077889144,0-20
IMG_20241129_124909.jpg,14.0,0.6358210813911364,13.364178918608864,0-20
IMG_20241129_125134.jpg,0.5,0.0143872267842048,0.4856127732157952,0-20
IMG_20241129_125250.jpg,2.0,0.458598750150948,1.5414012498490521,0-20
IMG_20241129_125421.jpg,3.0,0.520770438352856,2.479229561647144,0-20
IMG_20241129_125541.jpg,7.0,0.5344972678420481,6.465502732157952,0-20
IMG_20241129_125935.jpg,39.0,0.215761230527714,38.78423876947229,20-40
IMG_20241129_130206.jpg,1.0,0.2508566296341021,0.7491433703658978,0-20
IMG_20241129_130312.jpg,22.0,0.6896906321700278,21.310309367829973,20-40
IMG_20241129_130521.jpg,0.5,0.1628822756913416,0.3371177243086584,0-20
IMG_20241129_130642.jpg,0.5,0.034057631928511,0.465942368071489,0-20
IMG_20241129_130750.jpg,4.0,0.0183967817896389,3.981603218210361,0-20
IMG_20241129_130843.jpg,0.2,0.1047201424948677,0.0952798575051323,0-20
IMG_20241129_131045.jpg,0.5,0.0316518989252505,0.4683481010747495,0-20
IMG_20241129_131233.jpg,17.0,0.4028423499577345,16.597157650042266,0-20
IMG_20241130_093758.jpg,16.0,0.0943424707160971,15.905657529283904,0-20
IMG_20241130_094358.jpg,4.0,0.8015336312039609,3.198466368796039,0-20
IMG_20241130_095325.jpg,30.0,1.6392475999275449,28.360752400072457,20-40
IMG_20241130_095903.jpg,30.0,0.5027981976814394,29.49720180231856,20-40
IMG_20241130_100421.jpg,5.0,1.239848750150948,3.760151249849052,0-20
IMG_20241130_101709.jpg,24.0,0.6972852010626736,23.302714798937327,20-40
IMG_20241130_101855.jpg,8.0,0.3868513011713561,7.613148698828644,0-20
IMG_20241130_102210.jpg,8.0,0.8014392887332448,7.198560711266755,0-20
IMG_20241130_102527.jpg,5.0,0.3037355844704746,4.696264415529526,0-20
IMG_20241130_102814.jpg,42.0,0.1238244928148774,41.876175507185124,40-60
IMG_20241130_103109.jpg,3.0,0.0627849142615626,2.9372150857384374,0-20
IMG_20241130_103445.jpg,12.0,0.0535865233667431,11.946413476633257,0-20
IMG_20241130_103823.jpg,14.0,0.0771249698104093,13.92287503018959,0-20
IMG_20241130_104127.jpg,35.0,0.4575609829730709,34.54243901702693,20-40
IMG_20241130_104502.jpg,19.0,0.0446711598840719,18.95532884011593,0-20
IMG_20241130_104748.jpg,10.0,0.3982195688926458,9.601780431107354,0-20
IMG_20241130_105128.jpg,9.0,0.1328341987682647,8.867165801231735,0-20
IMG_20241130_105357.jpg,25.0,0.3434537646419514,24.65654623535805,20-40
IMG_20241130_105632.jpg,23.0,0.3018487350561526,22.698151264943846,20-40
IMG_20241130_110219.jpg,13.0,0.96592538642676,12.03407461357324,0-20
IMG_20241130_110555.jpg,0.5,0.9412076590991426,0.4412076590991426,0-20
IMG_20241130_110653.jpg,76.0,0.9238486444873808,75.07615135551262,60-80
IMG_20241130_110946.jpg,2.0,0.936537706798696,1.063462293201304,0-20
IMG_20241130_111117.jpg,28.0,1.1976776657408523,26.80232233425915,20-40
IMG_20241130_111312.jpg,3.0,0.449872071609709,2.550127928390291,0-20
IMG_20241130_111504.jpg,5.0,0.6536046371211206,4.346395362878879,0-20
IMG_20241130_111642.jpg,4.0,0.5862912842651854,3.4137087157348147,0-20
IMG_20241130_111908.jpg,3.0,0.4247298031638691,2.575270196836131,0-20
IMG_20241130_112017.jpg,6.0,0.3116131807752686,5.688386819224731,0-20
IMG_20241130_112921.jpg,6.0,0.4095878366139355,5.590412163386064,0-20
IMG_20241130_113144.jpg,2.0,0.4587402638570221,1.5412597361429778,0-20
IMG_20241130_113429.jpg,2.0,0.1513253230286197,1.8486746769713802,0-20
IMG_20241130_113643.jpg,16.0,0.2921786318077526,15.707821368192247,0-20
IMG_20241130_113906.jpg,14.0,0.5656774544137182,13.434322545586282,0-20
IMG_20241130_114148.jpg,10.0,0.9238486444873808,9.07615135551262,0-20
IMG_20241130_114615.jpg,11.0,0.7271917642796764,10.272808235720323,0-20
IMG_20241130_114719.jpg,5.0,0.6040276687598116,4.395972331240189,0-20
IMG_20241130_115046.jpg,32.0,0.3848701092863181,31.615129890713682,20-40
IMG_20241130_115315.jpg,2.0,0.0268876041540876,1.9731123958459125,0-20
IMG_20241201_082755.jpg,1.0,0.5104399378094433,0.4895600621905567,0-20
IMG_20241201_082919.jpg,1.0,0.500345293442821,0.49965470655717903,0-20
IMG_20241201_083051.jpg,2.0,0.5575640019321338,1.4424359980678663,0-20
IMG_20241201_083347.jpg,2.0,0.1634955017509962,1.8365044982490037,0-20
IMG_20241201_084302.jpg,1.0,0.3686432043231494,0.6313567956768507,0-20
IMG_20241201_084518.jpg,1.0,0.4164276657408525,0.5835723342591475,0-20
IMG_20241201_084659.jpg,28.0,2.757866275208308,25.242133724791692,20-40
IMG_20241201_085026.jpg,39.0,2.7718289608742905,36.22817103912571,20-40
IMG_20241201_085407.jpg,8.0,0.8707338334742181,7.129266166525782,0-20
IMG_20241201_085622.jpg,0.5,0.0693417159763313,0.4306582840236687,0-20
IMG_20241201_085805.jpg,1.0,0.4087387543774906,0.5912612456225095,0-20
IMG_20241201_090025.jpg,1.0,0.3805775268687356,0.6194224731312644,0-20
IMG_20241201_090130.jpg,1.0,0.3072262558869701,0.6927737441130299,0-20
IMG_20241201_090822.jpg,1.0,0.5216195205893008,0.47838047941069917,0-20
IMG_20241201_091006.jpg,2.0,0.358595731191885,1.641404268808115,0-20
IMG_20241201_091121.jpg,2.0,0.5018547729742785,1.4981452270257214,0-20
IMG_20241201_091318.jpg,1.0,0.390577828764642,0.609422171235358,0-20
IMG_20241201_091413.jpg,1.0,0.6198300326047579,0.3801699673952421,0-20
IMG_20241201_091520.jpg,1.0,0.4189749124501872,0.5810250875498129,0-20
IMG_20241201_091634.jpg,1.0,0.3708130811496196,0.6291869188503805,0-20
IMG_20241201_094523.jpg,4.0,0.4555326198526748,3.544467380147325,0-20
IMG_20241201_095703.jpg,9.0,0.1478818228474822,8.852118177152517,0-20
IMG_20241201_100022.jpg,7.0,0.3020374199975848,6.697962580002415,0-20
IMG_20241201_100247.jpg,2.0,1.3268325081511894,0.6731674918488106,0-20
IMG_20241201_100423.jpg,11.0,2.113601542688081,8.88639845731192,0-20
IMG_20241201_102521.jpg,13.0,0.1951474006762468,12.804852599323754,0-20
IMG_20241201_102857.jpg,20.0,0.904697122932013,19.095302877067986,0-20
IMG_20241201_103058.jpg,80.0,1.6126901944209635,78.38730980557904,60-80
IMG_20241201_103213.jpg,3.0,0.3020845912329429,2.697915408767057,0-20
IMG_20241201_103402.jpg,2.0,0.1323153151793261,1.8676846848206738,0-20
IMG_20241201_103502.jpg,3.0,0.4201541933341384,2.579845806665862,0-20
IMG_20241201_103611.jpg,1.0,0.5446862546793866,0.4553137453206134,0-20
IMG_20241201_103758.jpg,1.0,0.3739735539186088,0.6260264460813911,0-20
IMG_20241201_103900.jpg,3.0,0.6756336040333293,2.3243663959666705,0-20
IMG_20241201_104016.jpg,4.0,0.3642562794348508,3.635743720565149,0-20
IMG_20241201_104216.jpg,1.0,0.3574636215432918,0.6425363784567082,0-20
IMG_20241201_104333.jpg,12.0,0.7147385581451515,11.285261441854848,0-20
IMG_20241201_104515.jpg,0.5,0.3918042808839512,0.1081957191160488,0-20
IMG_20241201_104656.jpg,2.0,0.4195881385098418,1.580411861490158,0-20
IMG_20241201_130712.jpg,13.0,0.8054016725033208,12.19459832749668,0-20
IMG_20241201_130940.jpg,3.0,0.6962946051201546,2.303705394879845,0-20
IMG_20241201_132440.jpg,4.0,0.6298775057360222,3.3701224942639776,0-20
IMG_20241201_132720.jpg,2.0,0.6199243750754739,1.380075624924526,0-20
IMG_20241201_132843.jpg,5.0,0.5484127822726724,4.451587217727328,0-20
IMG_20241201_133027.jpg,3.0,0.4561930171476874,2.5438069828523124,0-20
IMG_20241201_133152.jpg,3.0,0.5453938232097573,2.454606176790243,0-20
IMG_20241201_133319.jpg,2.0,0.5429880902064969,1.4570119097935033,0-20
IMG_20241201_133518.jpg,2.0,0.4356263585315783,1.5643736414684217,0-20
IMG_20241201_133634.jpg,2.0,0.630679416737109,1.369320583262891,0-20
IMG_20241201_133932.jpg,3.0,0.5445447409733124,2.455455259026688,0-20
IMG_20241201_135122.jpg,4.5,0.5059114992150706,3.9940885007849296,0-20
IMG_20241201_135424.jpg,1.5,0.6031314152880087,0.8968685847119913,0-20
IMG_20241201_135526.jpg,6.0,0.5826119279072576,5.417388072092742,0-20
IMG_20241201_135839.jpg,1.0,0.6541706919454172,0.3458293080545828,0-20
IMG_20241201_140119.jpg,3.0,0.5711964889506098,2.42880351104939,0-20
IMG_20241201_140227.jpg,2.0,0.5960557299843015,1.4039442700156985,0-20
IMG_20241201_140338.jpg,2.0,0.5482240973312402,1.4517759026687598,0-20
IMG_20241201_141201.jpg,3.0,0.4457210028982007,2.5542789971017994,0-20
IMG_20241201_141359.jpg,7.0,0.3032638721168941,6.696736127883106,0-20
IMG_20241201_141547.jpg,3.0,0.6689352886124864,2.331064711387514,0-20
IMG_20241201_142421.jpg,2.0,0.4676084561043352,1.5323915438956648,0-20
IMG_20241201_142605.jpg,3.0,0.615112909068953,2.384887090931047,0-20
IMG_20241201_142728.jpg,4.0,0.6156789638932496,3.3843210361067504,0-20
IMG_20241201_143150.jpg,1.0,0.3794454172201425,0.6205545827798575,0-20
IMG_20241201_143302.jpg,2.0,0.348831285472769,1.651168714527231,0-20
IMG_20241201_144140.jpg,5.0,0.5434126313247193,4.45658736867528,0-20
IMG_20241201_144258.jpg,3.0,0.4824202240067625,2.5175797759932377,0-20
IMG_20241201_144419.jpg,0.5,0.309018762830576,0.190981237169424,0-20
IMG_20241201_144528.jpg,3.0,0.3066602010626736,2.6933397989373264,0-20
IMG_20241201_144639.jpg,2.0,0.3316609558024393,1.6683390441975607,0-20
IMG_20241201_144825.jpg,1.0,0.5068549239222316,0.49314507607776836,0-20
IMG_20241201_144956.jpg,4.0,0.3874645272310107,3.612535472768989,0-20
IMG_20241201_145124.jpg,2.0,0.3533597240671416,1.6466402759328584,0-20
IMG_20241201_145246.jpg,2.0,0.8089395151551745,1.1910604848448254,0-20
IMG_20241201_145415.jpg,2.0,0.2476961568651129,1.7523038431348872,0-20
IMG_20241201_145551.jpg,1.0,0.3646808205530733,0.6353191794469266,0-20
IMG_20241201_145713.jpg,2.0,0.2976976663446443,1.7023023336553558,0-20
IMG_20241202_083225.jpg,31.0,25.043444707764763,5.956555292235237,20-40
IMG_20241202_084546.jpg,28.0,20.352029495230045,7.647970504769955,20-40
IMG_20241202_084920.jpg,36.0,21.52862161876585,14.47137838123415,20-40
IMG_20241202_091244.jpg,27.0,15.6071221017993,11.3928778982007,20-40
IMG_20241202_091632.jpg,5.0,2.3892702421205168,2.6107297578794832,0-20
IMG_20241202_092017.jpg,17.0,21.713485690134043,4.713485690134043,0-20
IMG_20241202_092503.jpg,13.0,4.982839104576742,8.017160895423258,0-20
IMG_20241202_092711.jpg,2.0,0.5855365444994566,1.4144634555005435,0-20
IMG_20241202_092822.jpg,1.0,0.2537812462263011,0.7462187537736988,0-20
IMG_20241202_092944.jpg,2.0,0.760777683854607,1.239222316145393,0-20
IMG_20241202_093107.jpg,4.0,3.870164004951093,0.1298359950489072,0-20
IMG_20241202_093221.jpg,75.0,38.93650563035865,36.06349436964135,60-80
IMG_20241202_095801.jpg,16.0,24.53475010566357,8.53475010566357,0-20
IMG_20241202_100049.jpg,45.0,29.874486776959305,15.125513223040695,40-60
IMG_20241202_100329.jpg,0.25,0.6195470051926096,0.36954700519260963,0-20
IMG_20241202_100408.jpg,8.0,3.499728293684337,4.500271706315663,0-20
IMG_20241202_100555.jpg,3.0,0.8322421054220505,2.1677578945779494,0-20
IMG_20241202_100653.jpg,2.0,0.8321477629513344,1.1678522370486655,0-20
IMG_20241202_100757.jpg,3.0,0.9896053465765005,2.0103946534234995,0-20
IMG_20241202_101021.jpg,0.25,0.8443179416737109,0.5943179416737109,0-20
IMG_20241202_101158.jpg,5.0,2.399459228957855,2.600540771042145,0-20
IMG_20241202_102038.jpg,70.0,39.94257373807511,30.05742626192489,60-80
IMG_20241202_102459.jpg,17.0,12.873124471682164,4.126875528317836,0-20
IMG_20241202_102655.jpg,4.0,1.1802714798937326,2.8197285201062674,0-20
IMG_20241202_102739.jpg,3.5,1.4480625830213742,2.0519374169786255,0-20
IMG_20241202_103120.jpg,50.0,25.53690300084531,24.46309699915469,40-60
IMG_20241202_103309.jpg,0.25,0.2607625890592923,0.010762589059292282,0-20
IMG_20241202_103420.jpg,0.25,0.7389374018838305,0.4889374018838305,0-20
IMG_20241202_103539.jpg,12.0,4.090500845308537,7.909499154691463,0-20
IMG_20241202_104539.jpg,85.0,39.80289971017993,45.19710028982007,80-100
IMG_20241202_104659.jpg,5.0,3.621571594614177,1.3784284053858231,0-20
IMG_20241202_104826.jpg,6.0,3.772849746407439,2.227150253592561,0-20
IMG_20241202_105017.jpg,4.0,2.228133302137423,1.7718666978625768,0-20
IMG_20241202_105135.jpg,3.0,1.9207183613090208,1.0792816386909792,0-20
IMG_20241202_105304.jpg,6.0,4.991329926941191,1.0086700730588092,0-20
IMG_20241202_105508.jpg,9.0,7.632730422050477,1.3672695779495232,0-20
IMG_20241202_105743.jpg,8.0,10.36073730527714,2.3607373052771408,0-20
IMG_20241202_105933.jpg,5.0,3.156934926337399,1.843065073662601,0-20
IMG_20241202_110118.jpg,7.0,4.451077768385461,2.5489222316145392,0-20
IMG_20241202_121239.jpg,10.0,0.1533536861490158,9.846646313850984,0-20
IMG_20241202_121447.jpg,8.0,0.4223712413959666,7.577628758604034,0-20
IMG_20241202_123015.jpg,7.0,0.5709134615384616,6.429086538461538,0-20
IMG_20241202_123325.jpg,7.0,0.0296235358048544,6.970376464195145,0-20
IMG_20241202_123522.jpg,19.0,0.5212893219417944,18.478710678058206,0-20
IMG_20241202_123747.jpg,5.0,0.2469414170993841,4.753058582900616,0-20
IMG_20241202_123911.jpg,7.0,0.4572779555609226,6.542722044439078,0-20
IMG_20241202_124045.jpg,6.0,0.2241577104214467,5.775842289578553,0-20
IMG_20241202_124330.jpg,4.0,0.1568915288008694,3.843108471199131,0-20
IMG_20241202_124445.jpg,6.0,0.3832191160487864,5.616780883951214,0-20
IMG_20241202_124617.jpg,4.0,0.168165454051443,3.831834545948557,0-20
IMG_20241202_124818.jpg,6.0,0.4443058658374592,5.5556941341625405,0-20
IMG_20241202_125103.jpg,14.0,0.4860995803646902,13.51390041963531,0-20
IMG_20241202_130753.jpg,5.0,1.1459779917884314,3.854022008211569,0-20
IMG_20241202_130938.jpg,6.0,0.8068168095640623,5.193183190435938,0-20
IMG_20241202_131138.jpg,4.0,0.1600991728052167,3.8399008271947834,0-20
IMG_20241202_131331.jpg,50.0,2.426252490641227,47.573747509358775,40-60
IMG_20241202_131537.jpg,2.0,0.0780683945175703,1.9219316054824298,0-20
IMG_20241202_131710.jpg,3.0,0.1696277623475425,2.8303722376524574,0-20
IMG_20241202_131842.jpg,11.0,0.3260947500301896,10.67390524996981,0-20
IMG_20241202_132321.jpg,3.0,0.2459979923922231,2.754002007607777,0-20
IMG_20241202_132602.jpg,10.0,1.6835413899287526,8.316458610071248,0-20
IMG_20241202_132712.jpg,12.0,1.0438994384736142,10.956100561526386,0-20
IMG_20241202_134305.jpg,3.0,0.6502083081753411,2.3497916918246586,0-20
IMG_20241202_134458.jpg,30.0,0.8554031819828524,29.14459681801715,20-40
IMG_20241202_134710.jpg,15.0,0.7373335798816568,14.262666420118343,0-20
IMG_20241202_134839.jpg,6.0,0.0902385732399468,5.909761426760054,0-20
IMG_20241202_135020.jpg,6.0,0.1160412389807994,5.8839587610192,0-20
IMG_20241202_135144.jpg,10.0,0.5600640774061104,9.43993592259389,0-20
IMG_20241202_140540.jpg,4.0,0.1657125498128245,3.8342874501871753,0-20
IMG_20241202_140636.jpg,5.0,0.2626966097089723,4.737303390291028,0-20
IMG_20241202_140734.jpg,7.0,0.4019460964859316,6.598053903514068,0-20
IMG_20241202_140846.jpg,6.0,0.3516615595942519,5.648338440405748,0-20
IMG_20241202_141103.jpg,4.0,0.3374158465161212,3.662584153483879,0-20
IMG_20241202_141220.jpg,3.0,0.2726025691341625,2.7273974308658375,0-20
IMG_20241202_141312.jpg,3.0,0.3898702602342712,2.610129739765729,0-20
IMG_20241202_141352.jpg,3.0,0.4430794137181499,2.55692058628185,0-20
IMG_20241202_141453.jpg,5.0,0.3551522310107475,4.644847768989252,0-20
IMG_20241202_141604.jpg,8.0,0.4952979712595097,7.50470202874049,0-20
IMG_20250112_130953.jpg,45.0,22.506717183914983,22.493282816085017,40-60
IMG_20250112_133455.jpg,47.0,23.013383422895785,23.986616577104215,40-60
IMG_20250112_133800.jpg,1.0,4.748869777200821,3.748869777200821,0-20
IMG_20250112_133931.jpg,15.0,6.636804129935998,8.363195870064002,0-20
IMG_20250112_134128.jpg,20.0,3.747848991667673,16.252151008332326,0-20
IMG_20250112_134440.jpg,0.0,0.8914420057964014,0.8914420057964014,0-20
IMG_20250112_134638.jpg,4.0,0.6638407951938172,3.336159204806183,0-20
IMG_20250112_134750.jpg,12.0,0.3762849444511532,11.623715055548846,0-20
IMG_20250112_135017.jpg,28.0,9.31070560620698,18.68929439379302,20-40
IMG_20250112_135246.jpg,70.0,30.06628501992513,39.93371498007487,60-80
IMG_20250112_135452.jpg,25.0,7.727497433884796,17.272502566115204,20-40
IMG_20250112_135818.jpg,70.0,25.12250369822485,44.87749630177515,60-80
IMG_20250112_140048.jpg,90.0,24.40441598236928,65.59558401763073,80-100
IMG_20250112_140324.jpg,99.0,52.3393630751117,46.6606369248883,80-100
IMG_20250112_140542.jpg,30.0,8.291005011472045,21.708994988527955,20-40
IMG_20250112_141234.jpg,8.0,3.5450126796280643,4.454987320371936,0-20
IMG_20250112_142528.jpg,98.0,39.68629241637483,58.31370758362517,80-100
IMG_20250112_142758.jpg,0.0,2.606352267238256,2.606352267238256,0-20
IMG_20250112_142940.jpg,8.0,13.581211885641832,5.581211885641832,0-20
IMG_20250112_143128.jpg,15.0,10.21908208549692,4.78091791450308,0-20
IMG_20250112_143615.jpg,5.0,0.8281382079459002,4.1718617920540995,0-20
IMG_20250112_143745.jpg,18.0,3.335713908344403,14.664286091655597,0-20
IMG_20250112_143956.jpg,6.0,3.838417763555126,2.161582236444874,0-20
IMG_20250112_144114.jpg,0.5,2.694609648593165,2.194609648593165,0-20
IMG_20250112_144241.jpg,18.0,6.925492090327255,11.074507909672745,0-20
IMG_20250112_145027.jpg,3.0,1.8123660336915832,1.1876339663084168,0-20
IMG_20250112_145213.jpg,3.0,1.3474935092380147,1.6525064907619853,0-20
IMG_20250112_145346.jpg,5.0,3.583410065209516,1.4165899347904838,0-20
IMG_20250112_150521.jpg,4.0,2.0950160759570102,1.9049839240429898,0-20
IMG_20250112_150645.jpg,2.0,2.251294378698225,0.2512943786982249,0-20
IMG_20250112_150755.jpg,1.0,2.312664155899046,1.312664155899046,0-20
IMG_20250112_150912.jpg,11.0,6.1739599686028255,4.8260400313971745,0-20
IMG_20250112_151020.jpg,5.0,3.402697062552832,1.597302937447168,0-20
IMG_20250112_151151.jpg,29.0,14.46520083625166,14.53479916374834,20-40
IMG_20250112_151502.jpg,80.0,36.77125158495351,43.22874841504649,60-80
IMG_20250112_151647.jpg,20.0,7.109035367105422,12.890964632894578,0-20
IMG_20250112_151917.jpg,70.0,45.9352074779616,24.064792522038402,60-80
IMG_20250112_152125.jpg,75.0,33.343600938896266,41.656399061103734,60-80
IMG_20250114_093201.jpg,2.0,1.050361897717667,0.949638102282333,0-20
IMG_20250114_093346.jpg,32.0,4.97878237833595,27.02121762166405,20-40
IMG_20250114_093617.jpg,1.0,0.4744954564666103,0.5255045435333897,0-20
IMG_20250114_093738.jpg,0.25,0.8990365746890472,0.6490365746890472,0-20
IMG_20250114_093822.jpg,0.1,1.0568715281970775,0.9568715281970775,0-20
IMG_20250114_093946.jpg,1.5,0.7563907589663084,0.7436092410336916,0-20
IMG_20250114_094630.jpg,0.1,0.6888415499335829,0.588841549933583,0-20
IMG_20250114_094732.jpg,3.0,0.7363901551744958,2.2636098448255044,0-20
IMG_20250114_095618.jpg,0.25,1.0181439439681197,0.7681439439681197,0-20
IMG_20250114_095729.jpg,90.0,1.7253351044559837,88.27466489554402,80-100
IMG_20250114_095958.jpg,40.0,13.535880328462746,26.464119671537254,20-40
IMG_20250114_100254.jpg,7.0,4.600091700881536,2.399908299118464,0-20
IMG_20250114_100453.jpg,0.5,0.6089334772370487,0.10893347723704871,0-20
IMG_20250114_100545.jpg,45.0,1.7425526053616711,43.257447394638326,40-60
IMG_20250114_100738.jpg,0.0,0.067124667914503,0.067124667914503,0-20
IMG_20250114_100842.jpg,5.0,1.0739946866320491,3.926005313367951,0-20
IMG_20250114_101020.jpg,12.0,1.5201402306484724,10.479859769351528,0-20
IMG_20250114_101258.jpg,14.0,8.418791888056997,5.581208111943003,0-20
IMG_20250114_101500.jpg,85.0,4.7218878305760175,80.27811216942398,80-100
IMG_20250114_101656.jpg,2.0,1.030031095278348,0.969968904721652,0-20
IMG_20250114_102215.jpg,13.0,1.695664397415771,11.30433560258423,0-20
IMG_20250114_102515.jpg,0.0,0.5053926156261321,0.5053926156261321,0-20
IMG_20250114_102613.jpg,1.0,0.9876713259268204,0.012328674073179613,0-20
IMG_20250114_102752.jpg,6.0,0.7465319707764763,5.253468029223524,0-20
IMG_20250114_104056.jpg,36.0,5.982633437990581,30.01736656200942,20-40
IMG_20250114_104237.jpg,0.0,0.8673375045284386,0.8673375045284386,0-20
IMG_20250114_104318.jpg,2.0,0.7005400163023789,1.299459983697621,0-20
IMG_20250114_104504.jpg,16.0,7.475697379543534,8.524302620456467,0-20
IMG_20250114_104819.jpg,9.0,1.2395185515034417,7.7604814484965585,0-20
IMG_20250114_105041.jpg,2.0,0.7830896781789639,1.216910321821036,0-20
IMG_20250114_110207.jpg,8.0,8.154680141287285,0.1546801412872849,0-20
IMG_20250114_110440.jpg,16.0,2.3956855301292115,13.604314469870788,0-20
IMG_20250114_110639.jpg,3.0,0.3911438835889385,2.6088561164110615,0-20
IMG_20250114_110809.jpg,7.0,1.1575349444511531,5.842465055548847,0-20
IMG_20250114_111013.jpg,65.0,5.641019351527594,59.358980648472404,60-80
IMG_20250114_111152.jpg,7.0,2.158461387513585,4.841538612486415,0-20
IMG_20250114_111340.jpg,4.0,1.0294650404540515,2.9705349595459483,0-20
IMG_20250114_111453.jpg,6.0,1.0477674797729744,4.952232520227025,0-20
IMG_20250114_111609.jpg,1.0,1.2551794016423137,0.2551794016423137,0-20
IMG_20250114_111754.jpg,4.0,0.7714383830455259,3.228561616954474,0-20
IMG_20250114_121427.jpg,30.0,3.466142374109407,26.533857625890594,20-40
IMG_20250114_121654.jpg,52.0,2.920040982369279,49.07995901763072,40-60
IMG_20250114_121908.jpg,2.0,0.7751177394034537,1.2248822605965461,0-20
IMG_20250114_122546.jpg,0.0,0.6326606086221471,0.6326606086221471,0-20
IMG_20250114_122618.jpg,4.0,0.6979455983576862,3.3020544016423137,0-20
IMG_20250114_122719.jpg,3.0,0.5668095640623113,2.433190435937689,0-20
IMG_20250114_122859.jpg,3.5,0.9875769834561045,2.5124230165438957,0-20
IMG_20250114_122954.jpg,5.0,0.6328021223282212,4.367197877671779,0-20
IMG_20250114_123224.jpg,6.0,0.3739263826832508,5.62607361731675,0-20
IMG_20250114_123441.jpg,7.0,0.5389313639657046,6.4610686360342955,0-20
IMG_20250114_124337.jpg,11.0,0.6624728293684338,10.337527170631565,0-20
IMG_20250114_124516.jpg,16.0,0.7116252566115203,15.288374743388479,0-20
IMG_20250114_124701.jpg,5.0,0.8669129634102162,4.133087036589783,0-20
IMG_20250114_124813.jpg,1.0,0.5765268385460693,0.42347316145393066,0-20
IMG_20250114_124923.jpg,30.0,1.5094323602221953,28.490567639777804,20-40
IMG_20250114_125017.jpg,3.0,0.8642242029948074,2.1357757970051927,0-20
IMG_20250114_125116.jpg,30.0,2.081383588938534,27.918616411061464,20-40
IMG_20250114_125308.jpg,8.0,0.7195500241516725,7.280449975848327,0-20
IMG_20250114_125435.jpg,10.0,1.4928280853761624,8.507171914623838,0-20
IMG_20250114_125617.jpg,100.0,3.252315164231373,96.74768483576862,80-100
IMG_20250114_130136.jpg,25.0,3.274485644849656,21.725514355150345,20-40
IMG_20250114_130447.jpg,10.0,0.5490260083323271,9.450973991667674,0-20
IMG_20250114_130625.jpg,4.0,0.6165752173650525,3.3834247826349477,0-20
IMG_20250114_131412.jpg,3.0,0.7060118796039125,2.2939881203960875,0-20
IMG_20250114_131540.jpg,4.0,0.8106848508634223,3.1893151491365774,0-20
IMG_20250114_131649.jpg,0.25,0.4639290997464074,0.2139290997464074,0-20
IMG_20250114_131745.jpg,2.0,0.6495479108803285,1.3504520891196714,0-20
IMG_20250114_132414.jpg,31.0,3.677516679748823,27.322483320251177,20-40
IMG_20250114_132607.jpg,38.0,3.167359769351528,34.83264023064847,20-40
IMG_20250114_132755.jpg,93.0,7.03535389747615,85.96464610252384,80-100
IMG_20250114_132908.jpg,2.0,0.5309122539548363,1.4690877460451637,0-20
IMG_20250114_133043.jpg,3.5,0.919131520951576,2.5808684790484238,0-20
IMG_20250114_133205.jpg,6.0,1.1700824930563942,4.829917506943605,0-20
IMG_20250114_133335.jpg,24.0,3.631571896510083,20.36842810348992,20-40
IMG_20250114_133535.jpg,25.0,2.831689258543654,22.168310741456345,20-40
IMG_20250114_133655.jpg,1.0,0.6544537193575655,0.34554628064243453,0-20
IMG_20250114_133817.jpg,0.5,0.301235508996498,0.19876449100350202,0-20
IMG_20250114_133910.jpg,1.0,0.1665144608139113,0.8334855391860887,0-20
IMG_20250114_134004.jpg,1.0,0.3885022944088878,0.6114977055911122,0-20
IMG_20250114_134046.jpg,3.0,0.5580828855210723,2.441917114478928,0-20
IMG_20250115_083930.jpg,9.0,1.209706330757155,7.790293669242845,0-20
IMG_20250115_084132.jpg,8.0,1.0618716791450309,6.938128320854969,0-20
IMG_20250115_085110.jpg,17.0,0.5736493931892284,16.42635060681077,0-20
IMG_20250115_085330.jpg,5.0,0.607282483999517,4.3927175160004825,0-20
IMG_20250115_090106.jpg,46.0,1.2881520951575898,44.71184790484241,40-60
IMG_20250115_090346.jpg,60.0,2.8747094251901943,57.1252905748098,40-60
IMG_20250115_090541.jpg,70.0,15.327491018596788,54.67250898140321,60-80
IMG_20250115_090742.jpg,85.0,3.425197741818621,81.57480225818138,80-100
IMG_20250115_090938.jpg,26.0,1.5901895151551746,24.409810484844826,20-40
IMG_20250115_092545.jpg,25.0,1.8624147144064729,23.137585285593527,20-40
IMG_20250115_092758.jpg,15.0,1.4747615022340297,13.52523849776597,0-20
IMG_20250115_093205.jpg,50.0,2.143649619611158,47.85635038038884,40-60
IMG_20250115_093539.jpg,30.0,1.376786846395363,28.623213153604638,20-40
IMG_20250115_093710.jpg,13.0,1.608161755826591,11.391838244173409,0-20
IMG_20250115_093903.jpg,40.0,1.3363139264581572,38.66368607354184,20-40
IMG_20250115_094200.jpg,26.0,2.763338138509842,23.23666186149016,20-40
IMG_20250115_094455.jpg,30.0,1.866660125588697,28.133339874411302,20-40
IMG_20250115_094649.jpg,23.0,1.9495871573481465,21.050412842651852,20-40
IMG_20250115_094817.jpg,60.0,2.8912665288008697,57.10873347119913,40-60
IMG_20250115_094946.jpg,39.0,1.3349931318681318,37.66500686813187,20-40
IMG_20250115_095624.jpg,40.0,2.649985659944451,37.35001434005555,20-40
IMG_20250115_095831.jpg,82.0,2.9627781216036717,79.03722187839632,80-100
IMG_20250115_100011.jpg,50.0,1.9583610071247437,48.04163899287526,40-60
IMG_20250115_101421.jpg,85.0,1.5266498611278831,83.47335013887212,80-100
IMG_20250115_101554.jpg,85.0,2.135913537012438,82.86408646298756,80-100
IMG_20250115_101737.jpg,11.0,1.0933820643642072,9.906617935635794,0-20
IMG_20250115_101914.jpg,5.0,1.1424401491365777,3.8575598508634226,0-20
IMG_20250115_103200.jpg,70.0,3.114292129573723,66.88570787042627,60-80
IMG_20250115_103414.jpg,85.0,1.8273193153000848,83.17268068469991,80-100
IMG_20250115_103625.jpg,45.0,2.0915725757758725,42.90842742422413,40-60
IMG_20250115_103909.jpg,25.0,1.017389204202391,23.98261079579761,20-40
IMG_20250115_104015.jpg,25.0,1.8456689258543653,23.154331074145635,20-40
IMG_20250115_104232.jpg,35.0,1.28451991003502,33.71548008996498,20-40
IMG_20250115_104417.jpg,8.0,1.097155763192851,6.902844236807149,0-20
IMG_20250115_104641.jpg,18.0,1.6511819224731312,16.348818077526868,0-20
IMG_20250115_104902.jpg,11.0,1.5895762890955198,9.41042371090448,0-20
IMG_20250115_105114.jpg,60.0,1.9253883136094676,58.07461168639053,40-60
IMG_20250115_105405.jpg,9.0,1.2838595127400072,7.716140487259993,0-20
IMG_20250115_110924.jpg,12.0,0.8379969961357324,11.162003003864267,0-20
IMG_20250115_111132.jpg,15.0,1.2939541571066295,13.70604584289337,0-20
IMG_20250115_130752.jpg,5.0,0.5030340538582296,4.496965946141771,0-20
IMG_20250115_130907.jpg,3.0,0.6479440888781548,2.352055911121845,0-20
IMG_20250115_131015.jpg,5.0,0.5678473312401884,4.432152668759811,0-20
IMG_20250115_131142.jpg,11.0,0.2821783299118464,10.717821670088153,0-20
IMG_20250115_131312.jpg,5.0,0.7028514068349233,4.297148593165077,0-20
IMG_20250115_132129.jpg,45.0,0.5580357142857143,44.441964285714285,40-60
IMG_20250115_132255.jpg,9.0,0.6270472316145393,8.37295276838546,0-20
IMG_20250115_133135.jpg,85.0,1.6446251207583624,83.35537487924164,80-100
IMG_20250115_133252.jpg,40.0,0.9294620214949886,39.07053797850501,20-40
IMG_20250115_133448.jpg,4.0,0.0892008060620698,3.91079919393793,0-20
IMG_20250115_133625.jpg,3.0,0.6132260596546311,2.386773940345369,0-20
IMG_20250115_133729.jpg,3.0,0.3518502445356841,2.648149755464316,0-20
IMG_20250115_133919.jpg,3.0,0.6618124320734211,2.338187567926579,0-20
IMG_20250115_134037.jpg,2.0,0.8750264158918005,1.1249735841081994,0-20
IMG_20250115_134254.jpg,75.0,0.765683492331844,74.23431650766815,60-80
IMG_20250115_134351.jpg,0.0,0.7593625467938655,0.7593625467938655,0-20
IMG_20250115_134449.jpg,30.0,1.785006717183915,28.214993282816085,20-40
IMG_20250115_134607.jpg,7.0,0.8552144970414202,6.14478550295858,0-20
IMG_20250115_134718.jpg,3.0,0.6445477599323753,2.3554522400676245,0-20
IMG_20250115_134833.jpg,40.0,1.1830545827798575,38.81694541722014,20-40
IMG_20250115_135302.jpg,20.0,2.0984124049027897,17.90158759509721,0-20
IMG_20250115_140050.jpg,5.0,0.8833285533148171,4.116671446685183,0-20
IMG_20250115_140207.jpg,7.0,0.752051005313368,6.247948994686632,0-20
IMG_20250115_140956.jpg,6.0,0.7701647596908586,5.229835240309141,0-20
IMG_20250115_141104.jpg,31.0,1.6622671627822727,29.33773283721773,20-40
IMG_20250115_141238.jpg,6.0,0.7629475606810772,5.237052439318923,0-20
IMG_20250115_141400.jpg,30.0,1.0836647898804492,28.916335210119552,20-40
IMG_20250115_141502.jpg,88.0,1.5534431228112546,86.44655687718874,80-100
IMG_20250115_141625.jpg,5.0,1.256405853761623,3.743594146238377,0-20
IMG_20250115_142101.jpg,32.0,2.4977169122086704,29.50228308779133,20-40
IMG_20250115_142221.jpg,7.0,1.50811156563217,5.49188843436783,0-20
IMG_20250115_142404.jpg,26.0,1.348719961357324,24.651280038642675,20-40
IMG_20250115_142646.jpg,2.0,0.9028574447530492,1.097142555246951,0-20
IMG_20250115_142800.jpg,31.0,0.4245411182224369,30.575458881777564,20-40
IMG_20250115_142907.jpg,4.0,0.7310126343436782,3.2689873656563218,0-20
IMG_20250115_143030.jpg,2.0,0.638415499335829,1.3615845006641711,0-20
IMG_20250115_143142.jpg,9.0,0.6770959123294288,8.32290408767057,0-20
IMG_20250115_143343.jpg,98.0,0.5837912087912088,97.41620879120879,80-100
IMG_20250116_090701.jpg,0.0,0.1175507185122569,0.1175507185122569,0-20
IMG_20250116_090737.jpg,0.0,0.3460010113512861,0.3460010113512861,0-20
IMG_20250116_090806.jpg,0.0,0.5516204262770197,0.5516204262770197,0-20
IMG_20250116_090837.jpg,0.0,0.2497245199855089,0.2497245199855089,0-20
IMG_20250116_090937.jpg,0.0,0.3791152185726361,0.3791152185726361,0-20
IMG_20250116_091004.jpg,0.0,0.1620331934548967,0.1620331934548967,0-20
IMG_20250116_091044.jpg,0.0,0.4005781306605482,0.4005781306605482,0-20
IMG_20250116_091127.jpg,2.0,0.4351546461779978,1.5648453538220022,0-20
IMG_20250116_091218.jpg,0.5,0.7027570643642073,0.20275706436420726,0-20
IMG_20250116_091256.jpg,0.0,0.2109497645211931,0.2109497645211931,0-20
IMG_20250116_091343.jpg,0.0,0.675303405385823,0.675303405385823,0-20
IMG_20250116_091420.jpg,0.0,0.1381645483637242,0.1381645483637242,0-20
IMG_20250116_091524.jpg,0.0,0.447938050960029,0.447938050960029,0-20
IMG_20250116_091618.jpg,95.0,0.7337957372298032,94.2662042627702,80-100
IMG_20250116_091727.jpg,0.0,0.2267521283661393,0.2267521283661393,0-20
IMG_20250116_091824.jpg,0.0,0.1346267057118705,0.1346267057118705,0-20
IMG_20250116_091856.jpg,0.0,0.4772785593527351,0.4772785593527351,0-20
IMG_20250116_091937.jpg,0.0,0.4456738316628426,0.4456738316628426,0-20
IMG_20250116_092017.jpg,25.0,0.1152393279797125,24.88476067202029,20-40
IMG_20250116_092559.jpg,0.0,0.0914650253592561,0.0914650253592561,0-20
IMG_20250116_092817.jpg,0.0,0.3656714164955923,0.3656714164955923,0-20
IMG_20250116_092849.jpg,0.0,0.0836817715251781,0.0836817715251781,0-20
IMG_20250116_092926.jpg,0.0,0.1459949734331602,0.1459949734331602,0-20
IMG_20250116_093007.jpg,0.0,0.1024559231976814,0.1024559231976814,0-20
IMG_20250116_093047.jpg,0.0,0.1150978142736384,0.1150978142736384,0-20
IMG_20250116_093124.jpg,0.0,0.2272238407197198,0.2272238407197198,0-20
IMG_20250116_093158.jpg,0.0,0.2384505947349354,0.2384505947349354,0-20
IMG_20250116_093231.jpg,0.0,0.1832130781306605,0.1832130781306605,0-20
IMG_20250116_093333.jpg,30.0,0.4626554763917401,29.53734452360826,20-40
IMG_20250116_093442.jpg,3.0,0.1578821247433884,2.8421178752566116,0-20
IMG_20250116_093542.jpg,0.0,0.0822194632290786,0.0822194632290786,0-20
IMG_20250116_093615.jpg,0.0,0.1618916797488226,0.1618916797488226,0-20
IMG_20250116_093650.jpg,0.0,0.0915593678299722,0.0915593678299722,0-20
IMG_20250116_093719.jpg,0.0,0.1898170510807873,0.1898170510807873,0-20
IMG_20250116_093754.jpg,0.0,0.1203338213983818,0.1203338213983818,0-20
IMG_20250116_093835.jpg,0.0,0.1936379211447892,0.1936379211447892,0-20
IMG_20250116_093931.jpg,20.0,0.3171322153121603,19.68286778468784,0-20
IMG_20250116_094025.jpg,0.0,0.1757600229440888,0.1757600229440888,0-20
IMG_20250116_094117.jpg,0.0,0.1570330425069436,0.1570330425069436,0-20
IMG_20250116_115332.jpg,0.0,0.1750524544137181,0.1750524544137181,0-20
IMG_20250116_115432.jpg,0.0,0.360529751841565,0.360529751841565,0-20
IMG_20250116_115530.jpg,1.0,0.4490229893732641,0.5509770106267359,0-20
IMG_20250116_115639.jpg,0.0,0.1436835829006158,0.1436835829006158,0-20
IMG_20250116_115803.jpg,0.1,0.1121260264460814,0.012126026446081392,0-20
IMG_20250116_115901.jpg,0.1,0.3911910548242965,0.2911910548242965,0-20
IMG_20250116_120215.jpg,0.5,0.1198621090448013,0.3801378909551987,0-20
IMG_20250116_120310.jpg,0.5,0.118588485690134,0.381411514309866,0-20
IMG_20250116_120435.jpg,60.0,1.2500849082236445,58.74991509177636,40-60
IMG_20250116_120612.jpg,65.0,8.581249622630118,56.41875037736988,60-80
IMG_20250116_120756.jpg,0.7,0.4110973161453931,0.2889026838546069,0-20
IMG_20250116_121031.jpg,0.0,0.5543091866924285,0.5543091866924285,0-20
IMG_20250116_121145.jpg,0.0,0.1960908253834078,0.1960908253834078,0-20
IMG_20250116_121248.jpg,0.1,0.2994430020528921,0.1994430020528921,0-20
IMG_20250116_121339.jpg,0.0,0.1434477267238256,0.1434477267238256,0-20
IMG_20250116_121442.jpg,13.0,0.7970051926095882,12.20299480739041,0-20
IMG_20250116_121600.jpg,0.0,0.5515732550416617,0.5515732550416617,0-20
IMG_20250116_121719.jpg,1.0,0.351803073300326,0.648196926699674,0-20
IMG_20250116_122906.jpg,2.0,0.397417657891559,1.602582342108441,0-20
IMG_20250116_123007.jpg,0.0,0.195383256853037,0.195383256853037,0-20
IMG_20250116_123053.jpg,0.0,0.4580798665620094,0.4580798665620094,0-20
IMG_20250116_123216.jpg,0.0,0.3166133317232218,0.3166133317232218,0-20
IMG_20250116_123255.jpg,0.0,0.8335157287767178,0.8335157287767178,0-20
IMG_20250116_123448.jpg,40.0,1.0924858108924045,38.907514189107594,20-40
IMG_20250116_123532.jpg,50.0,3.33868569617196,46.66131430382804,40-60
IMG_20250116_123634.jpg,50.0,1.334144049631687,48.66585595036831,40-60
IMG_20250116_123733.jpg,0.0,0.4196353097451998,0.4196353097451998,0-20
IMG_20250116_123814.jpg,50.0,1.0166816356720203,48.98331836432798,40-60
IMG_20250116_123912.jpg,0.1,0.3839738558145151,0.28397385581451506,0-20
IMG_20250116_124026.jpg,22.0,0.385766362758121,21.614233637241878,20-40
IMG_20250116_124131.jpg,20.0,0.5691209545948557,19.430879045405145,0-20
IMG_20250116_124300.jpg,23.0,0.8041280491486535,22.19587195085135,20-40
IMG_20250116_124439.jpg,1.0,0.2434035744475305,0.7565964255524695,0-20
IMG_20250116_124903.jpg,0.0,0.1783544408887815,0.1783544408887815,0-20
IMG_20250116_125008.jpg,2.0,0.4007668156019804,1.5992331843980196,0-20
IMG_20250116_125141.jpg,0.1,0.3072734271223282,0.20727342712232819,0-20
IMG_20250116_125235.jpg,3.0,0.2850086040333293,2.7149913959666705,0-20
IMG_20250116_125346.jpg,0.1,0.2974146389324961,0.19741463893249608,0-20
IMG_20250117_090359.jpg,0.0,2.8963138509841806,2.8963138509841806,0-20
IMG_20250117_090657.jpg,15.0,4.155738663808719,10.84426133619128,0-20
IMG_20250117_090858.jpg,0.0,3.09985773155416,3.09985773155416,0-20
IMG_20250117_090937.jpg,0.0,1.3556541329549572,1.3556541329549572,0-20
IMG_20250117_091047.jpg,0.1,4.398953553314817,4.298953553314817,0-20
IMG_20250117_091125.jpg,0.1,6.711759222919937,6.611759222919938,0-20
IMG_20250117_091228.jpg,0.25,13.830087323390895,13.580087323390895,0-20
IMG_20250117_091345.jpg,0.0,15.45702323088999,15.45702323088999,0-20
IMG_20250117_091452.jpg,25.0,8.964940451032485,16.035059548967517,20-40
IMG_20250117_091607.jpg,0.0,12.823547503320857,12.823547503320857,0-20
IMG_20250117_091709.jpg,15.0,4.151587595097211,10.848412404902788,0-20
IMG_20250117_091844.jpg,0.1,7.597399166767299,7.497399166767299,0-20
IMG_20250117_091957.jpg,0.5,5.198694677575172,4.698694677575172,0-20
IMG_20250117_092121.jpg,0.5,6.856810771645937,6.356810771645937,0-20
IMG_20250117_092746.jpg,3.0,5.076143808114962,2.0761438081149617,0-20
IMG_20250117_092909.jpg,2.0,7.128328402366864,5.128328402366864,0-20
IMG_20250117_093534.jpg,1.0,6.435430126192489,5.435430126192489,0-20
IMG_20250117_093623.jpg,6.0,6.9851637030551865,0.9851637030551865,0-20
IMG_20250117_093733.jpg,2.0,10.39097406714165,8.39097406714165,0-20
IMG_20250117_093904.jpg,3.0,3.507747403695206,0.5077474036952059,0-20
IMG_20250117_095006.jpg,11.0,13.334836523366745,2.3348365233667447,0-20
IMG_20250117_095209.jpg,1.0,3.923797699553194,2.923797699553194,0-20
IMG_20250117_095251.jpg,1.0,4.40904819768144,3.4090481976814404,0-20
IMG_20250117_095404.jpg,1.0,3.912995486656201,2.912995486656201,0-20
IMG_20250117_095606.jpg,80.0,3.7626135883347422,76.23738641166526,60-80
IMG_20250117_095738.jpg,0.25,3.698932420601377,3.448932420601377,0-20
IMG_20250117_095845.jpg,1.0,2.4860656170752327,1.4860656170752327,0-20
IMG_20250117_100541.jpg,1.0,3.5731267359014613,2.5731267359014613,0-20
IMG_20250117_100702.jpg,20.0,4.834768596787828,15.165231403212172,0-20
IMG_20250117_100809.jpg,0.5,2.8063583051563823,2.3063583051563823,0-20
IMG_20250117_100918.jpg,0.1,2.3286552046854245,2.2286552046854244,0-20
IMG_20250117_101044.jpg,1.0,4.469002837821519,3.4690028378215194,0-20
IMG_20250117_101155.jpg,3.0,5.823666374833957,2.823666374833957,0-20
IMG_20250117_101348.jpg,0.1,4.453625015094795,4.353625015094796,0-20
IMG_20250117_101505.jpg,2.0,4.298148623354668,2.2981486233546677,0-20
IMG_20250117_102315.jpg,2.0,3.265004226542688,1.265004226542688,0-20
IMG_20250117_102446.jpg,6.0,0.4648253532182103,5.5351746467817895,0-20
IMG_20250117_102603.jpg,1.0,1.0829572213500784,0.08295722135007844,0-20
IMG_20250117_102725.jpg,20.0,13.700272083685546,6.299727916314454,0-20
IMG_20250117_102929.jpg,25.0,6.893651506460572,18.10634849353943,20-40
IMG_20250117_122231.jpg,0.1,1.601369097935032,1.5013690979350318,0-20
IMG_20250117_122422.jpg,25.0,6.2180650736626015,18.7819349263374,20-40
IMG_20250117_122551.jpg,0.1,3.75058492331844,3.6505849233184398,0-20
IMG_20250117_122738.jpg,0.25,4.242863935515034,3.992863935515034,0-20
IMG_20250117_122844.jpg,0.1,2.2607757970051927,2.1607757970051926,0-20
IMG_20250117_122936.jpg,0.1,7.538340780099022,7.438340780099022,0-20
IMG_20250117_123040.jpg,0.0,5.359548590146118,5.359548590146118,0-20
IMG_20250117_123132.jpg,0.1,4.136728655959425,4.0367286559594255,0-20
IMG_20250117_123214.jpg,0.5,8.718376403815965,8.218376403815965,0-20
IMG_20250117_123304.jpg,1.0,9.355471108561767,8.355471108561767,0-20
IMG_20250117_123412.jpg,0.2,5.58913099263374,5.389130992633739,0-20
IMG_20250117_123517.jpg,0.1,3.4548212776234752,3.354821277623475,0-20
IMG_20250117_123703.jpg,40.0,13.773340327255164,26.226659672744837,20-40
IMG_20250117_123805.jpg,0.1,9.584487456225094,9.484487456225095,0-20
IMG_20250117_123925.jpg,35.0,7.338146057239464,27.661853942760537,20-40
IMG_20250117_124042.jpg,0.1,0.8359214617799783,0.7359214617799783,0-20
IMG_20250117_124247.jpg,1.0,0.6342644306243207,0.3657355693756793,0-20
IMG_20250117_124403.jpg,0.0,0.4433152698949402,0.4433152698949402,0-20
IMG_20250117_124501.jpg,20.0,11.473553918608864,8.526446081391136,0-20
IMG_20250117_124724.jpg,20.0,11.74752445356841,8.25247554643159,0-20
IMG_20250117_125533.jpg,4.0,2.2152083836493177,1.7847916163506823,0-20
IMG_20250117_125725.jpg,0.0,2.645740248762227,2.645740248762227,0-20
IMG_20250117_125820.jpg,0.0,2.8445198345610434,2.8445198345610434,0-20
IMG_20250117_125907.jpg,53.0,11.813092470716096,41.1869075292839,40-60
IMG_20250117_130104.jpg,1.0,3.789595534959546,2.789595534959546,0-20
IMG_20250117_130222.jpg,18.0,8.505256762468301,9.494743237531699,0-20
IMG_20250117_130340.jpg,7.0,4.923356176790243,2.076643823209757,0-20
IMG_20250117_130500.jpg,17.0,14.787993599806786,2.2120064001932143,0-20
IMG_20250117_130624.jpg,0.1,2.0097304824296582,1.9097304824296581,0-20
IMG_20250117_130723.jpg,1.0,4.970621754619008,3.9706217546190077,0-20
IMG_20250117_131404.jpg,55.0,15.404474474701123,39.595525525298875,40-60
IMG_20250117_131520.jpg,0.0,2.6007388902306485,2.6007388902306485,0-20
IMG_20250117_131559.jpg,0.0,3.206134524815844,3.206134524815844,0-20
IMG_20250117_131646.jpg,0.0,1.8596787827557055,1.8596787827557055,0-20
IMG_20250117_131745.jpg,0.0,1.6700504166163508,1.6700504166163508,0-20
IMG_20250117_131907.jpg,0.0,2.8611241094070765,2.8611241094070765,0-20
IMG_20250117_131948.jpg,0.1,2.9272581813790604,2.8272581813790603,0-20
IMG_20250117_132057.jpg,0.0,1.898595051926096,1.898595051926096,0-20
IMG_20250117_132153.jpg,0.25,1.7466093316024636,1.4966093316024636,0-20
IMG_20250117_132248.jpg,20.0,2.643853399347905,17.356146600652096,0-20
IMG_20250118_084130.jpg,0.1,1.0314934035744476,0.9314934035744477,0-20
IMG_20250118_084310.jpg,0.0,0.9245562130177516,0.9245562130177516,0-20
IMG_20250118_084347.jpg,0.0,1.3677771404419756,1.3677771404419756,0-20
IMG_20250118_084434.jpg,1.0,1.691796356116411,0.6917963561164111,0-20
IMG_20250118_084531.jpg,78.0,2.942069949281488,75.05793005071851,60-80
IMG_20250118_084641.jpg,1.0,0.5717153725395484,0.4282846274604516,0-20
IMG_20250118_084808.jpg,0.0,1.2161687900012077,1.2161687900012077,0-20
IMG_20250118_084859.jpg,40.0,3.1857093799058083,36.81429062009419,20-40
IMG_20250118_085010.jpg,0.5,1.459430850742664,0.9594308507426641,0-20
IMG_20250118_085127.jpg,0.0,1.0996086674314696,1.0996086674314696,0-20
IMG_20250118_085222.jpg,10.0,1.082579851467214,8.917420148532786,0-20
IMG_20250118_085338.jpg,22.0,2.118648864871392,19.881351135128607,20-40
IMG_20250118_085451.jpg,8.0,0.5678945024755464,7.432105497524454,0-20
IMG_20250118_085548.jpg,0.0,0.8209210089361189,0.8209210089361189,0-20
IMG_20250118_085621.jpg,0.0,1.0130494505494505,1.0130494505494505,0-20
IMG_20250118_085729.jpg,21.0,0.6438401914020045,20.356159808597994,20-40
IMG_20250118_085853.jpg,0.0,0.5040718210361067,0.5040718210361067,0-20
IMG_20250118_085942.jpg,0.1,0.5429880902064969,0.4429880902064969,0-20
IMG_20250118_090100.jpg,19.0,0.4391642011834319,18.56083579881657,0-20
IMG_20250118_090202.jpg,0.1,0.4112860010868253,0.31128600108682525,0-20
IMG_20250118_090820.jpg,2.0,0.4073707885521072,1.5926292114478928,0-20
IMG_20250118_091737.jpg,0.1,0.831723221833112,0.731723221833112,0-20
IMG_20250118_091838.jpg,0.0,0.769598704866562,0.769598704866562,0-20
IMG_20250118_091953.jpg,0.0,0.5633660638811737,0.5633660638811737,0-20
IMG_20250118_092103.jpg,0.05,0.993190360463712,0.943190360463712,0-20
IMG_20250118_092156.jpg,0.0,0.7331825111701485,0.7331825111701485,0-20
IMG_20250118_092310.jpg,0.0,0.4677027985750513,0.4677027985750513,0-20
IMG_20250118_092408.jpg,0.0,0.6048295797608985,0.6048295797608985,0-20
IMG_20250118_092502.jpg,0.0,0.6025653604637121,0.6025653604637121,0-20
IMG_20250118_092558.jpg,0.0,0.6783223644487381,0.6783223644487381,0-20
IMG_20250118_092701.jpg,2.0,0.3354818258664412,1.6645181741335588,0-20
IMG_20250118_092757.jpg,0.0,0.7206821338002657,0.7206821338002657,0-20
IMG_20250118_092929.jpg,3.0,1.005690737833595,1.994309262166405,0-20
IMG_20250118_093055.jpg,0.0,0.8048356176790242,0.8048356176790242,0-20
IMG_20250118_093211.jpg,2.0,0.5152985750513223,1.4847014249486779,0-20
IMG_20250118_093433.jpg,0.0,1.186639596667069,1.186639596667069,0-20
IMG_20250118_093541.jpg,0.0,0.4311450911725637,0.4311450911725637,0-20
IMG_20250118_093651.jpg,0.0,0.959981810771646,0.959981810771646,0-20
IMG_20250118_093736.jpg,7.0,1.0201723070885158,5.979827692911484,0-20
IMG_20250118_093815.jpg,0.0,0.564545344765125,0.564545344765125,0-20
IMG_20250118_112817.jpg,0.0,0.1153336704504287,0.1153336704504287,0-20
IMG_20250118_112955.jpg,0.25,0.296424042989977,0.04642404298997699,0-20
IMG_20250118_113112.jpg,0.0,0.1035880328462746,0.1035880328462746,0-20
IMG_20250118_113148.jpg,4.0,0.4414284204806182,3.558571579519382,0-20
IMG_20250118_113238.jpg,0.1,0.1657597210481826,0.06575972104818259,0-20
IMG_20250118_113335.jpg,0.1,0.1029748067866199,0.0029748067866198907,0-20
IMG_20250118_113416.jpg,0.0,0.1894396811979229,0.1894396811979229,0-20
IMG_20250118_113512.jpg,0.1,0.1492026174375075,0.049202617437507506,0-20
IMG_20250118_113554.jpg,0.1,0.1398627128366139,0.039862712836613884,0-20
IMG_20250118_113748.jpg,0.8,0.5002981222074628,0.2997018777925372,0-20
IMG_20250118_113939.jpg,0.1,0.1165601225697379,0.016560122569737892,0-20
IMG_20250118_114102.jpg,60.0,2.574983395725154,57.425016604274845,40-60
IMG_20250118_114225.jpg,25.0,4.938781170752325,20.061218829247675,20-40
IMG_20250118_114329.jpg,0.0,0.173920344765125,0.173920344765125,0-20
IMG_20250118_114511.jpg,0.0,0.519874184881053,0.519874184881053,0-20
IMG_20250118_114558.jpg,0.1,0.6113392102403091,0.5113392102403091,0-20
IMG_20250118_115704.jpg,1.0,0.1277868765849535,0.8722131234150465,0-20
IMG_20250118_115941.jpg,0.0,0.2723195417220142,0.2723195417220142,0-20
IMG_20250118_120035.jpg,0.1,0.1792978655959425,0.07929786559594248,0-20
IMG_20250118_120117.jpg,0.0,0.053539352131385,0.053539352131385,0-20
IMG_20250118_120212.jpg,0.2,0.2144404359376887,0.014440435937688678,0-20
IMG_20250118_120340.jpg,0.3,0.279866939379302,0.020133060620697973,0-20
IMG_20250118_120852.jpg,0.0,0.2376486837338485,0.2376486837338485,0-20
IMG_20250118_120934.jpg,0.0,0.355718285835044,0.355718285835044,0-20
IMG_20250118_121017.jpg,0.5,0.2878860493901702,0.2121139506098298,0-20
IMG_20250118_121144.jpg,1.0,0.4619479078613694,0.5380520921386306,0-20
IMG_20250118_121247.jpg,1.0,0.0497184820673831,0.950281517932617,0-20
IMG_20250118_121450.jpg,3.0,1.4890072153121603,1.5109927846878397,0-20
IMG_20250118_121545.jpg,0.5,0.2300069436058447,0.2699930563941553,0-20
IMG_20250118_121642.jpg,0.0,0.2598191643521313,0.2598191643521313,0-20
IMG_20250118_121809.jpg,1.0,0.4074179597874652,0.5925820402125348,0-20
IMG_20250118_121923.jpg,1.0,0.4796842923559956,0.5203157076440044,0-20
IMG_20250118_122849.jpg,0.1,0.5754890713681923,0.4754890713681923,0-20
IMG_20250118_122945.jpg,0.1,0.053492180896027,0.046507819103973,0-20
IMG_20250118_123116.jpg,14.0,0.0796250452843859,13.920374954715614,0-20
IMG_20250118_123307.jpg,0.25,0.0221233093829247,0.2278766906170753,0-20
IMG_20250119_095751.jpg,4.0,0.4575138117377128,3.5424861882622873,0-20
IMG_20250119_095954.jpg,20.0,0.6009615384615384,19.39903846153846,0-20
IMG_20250119_100148.jpg,25.0,1.0972029344282093,23.90279706557179,20-40
IMG_20250119_100345.jpg,7.0,0.5561960361067504,6.44380396389325,0-20
IMG_20250119_100503.jpg,15.0,0.6468591504649197,14.35314084953508,0-20
IMG_20250119_100640.jpg,19.0,0.7943164321941795,18.20568356780582,0-20
IMG_20250119_100841.jpg,0.1,0.2467527321579519,0.1467527321579519,0-20
IMG_20250119_101009.jpg,32.0,1.044795691945417,30.955204308054583,20-40
IMG_20250119_101800.jpg,2.0,0.5594980225818138,1.4405019774181862,0-20
IMG_20250119_101901.jpg,0.2,0.0116041238980799,0.1883958761019201,0-20
IMG_20250119_101959.jpg,0.0,0.0511807903634826,0.0511807903634826,0-20
IMG_20250119_102102.jpg,0.0,0.5367143159038763,0.5367143159038763,0-20
IMG_20250119_102156.jpg,0.0,0.2965183854606931,0.2965183854606931,0-20
IMG_20250119_102516.jpg,6.0,0.5190251026446081,5.480974897355392,0-20
IMG_20250119_102745.jpg,60.0,5.301056258302137,54.69894374169786,40-60
IMG_20250119_102815.jpg,89.0,4.580987350561526,84.41901264943847,80-100
IMG_20250119_103055.jpg,0.1,0.1833545918367347,0.08335459183673469,0-20
IMG_20250119_103246.jpg,0.2,0.2916125769834561,0.0916125769834561,0-20
IMG_20250119_104048.jpg,0.1,0.231280566960512,0.131280566960512,0-20
IMG_20250119_104206.jpg,0.0,0.47812764158918,0.47812764158918,0-20
IMG_20250119_105536.jpg,0.25,0.2298654298997705,0.02013457010022951,0-20
IMG_20250119_105639.jpg,90.0,2.886785261441855,87.11321473855814,80-100
IMG_20250119_105743.jpg,0.1,0.2138743811133921,0.1138743811133921,0-20
IMG_20250119_105834.jpg,0.0,0.3933137604154088,0.3933137604154088,0-20
IMG_20250119_105928.jpg,23.0,0.401332870426277,22.598667129573723,20-40
IMG_20250119_110028.jpg,10.0,0.4873260324839995,9.512673967516001,0-20
IMG_20250119_110732.jpg,38.0,2.198651280038643,35.801348719961354,20-40
IMG_20250119_110901.jpg,0.0,0.5215723493539428,0.5215723493539428,0-20
IMG_20250119_111006.jpg,0.0,0.7687496226301171,0.7687496226301171,0-20
IMG_20250119_111324.jpg,1.0,0.4747784838787586,0.5252215161212415,0-20
IMG_20250119_111419.jpg,0.0,0.8850738890230648,0.8850738890230648,0-20
IMG_20250119_111505.jpg,0.0,0.558790454051443,0.558790454051443,0-20
IMG_20250119_111600.jpg,40.0,1.205838289457795,38.794161710542205,20-40
IMG_20250119_111742.jpg,0.0,0.3292552227991788,0.3292552227991788,0-20
IMG_20250119_111821.jpg,3.0,1.2062628305760177,1.7937371694239823,0-20
IMG_20250119_111914.jpg,7.0,0.3347742573360705,6.66522574266393,0-20
IMG_20250119_112029.jpg,0.0,0.1075504166163506,0.1075504166163506,0-20
IMG_20250119_112127.jpg,26.0,0.3808605542808839,25.619139445719117,20-40
IMG_20250119_112256.jpg,0.0,0.2070817232218331,0.2070817232218331,0-20
IMG_20250119_112346.jpg,0.2,0.1456176035502958,0.05438239644970422,0-20
IMG_20250120_084320.jpg,2.0,0.8484690103852192,1.151530989614781,0-20
IMG_20250120_084616.jpg,0.1,0.4327489131747373,0.3327489131747373,0-20
IMG_20250120_084801.jpg,27.0,1.3872588606448495,25.61274113935515,20-40
IMG_20250120_084930.jpg,0.1,1.2361693937930205,1.1361693937930204,0-20
IMG_20250120_085048.jpg,4.0,1.7668929628064245,2.2331070371935757,0-20
IMG_20250120_085203.jpg,0.0,0.5436484875015095,0.5436484875015095,0-20
IMG_20250120_085239.jpg,0.0,0.8955459032725516,0.8955459032725516,0-20
IMG_20250120_085319.jpg,22.0,0.6207734573119188,21.37922654268808,20-40
IMG_20250120_085516.jpg,0.5,0.7897408223644488,0.28974082236444876,0-20
IMG_20250120_085648.jpg,0.0,0.8082319466248038,0.8082319466248038,0-20
IMG_20250120_085755.jpg,7.0,0.7673344855693757,6.232665514430624,0-20
IMG_20250120_090200.jpg,1.0,0.5328462746045164,0.4671537253954836,0-20
IMG_20250120_091140.jpg,1.0,0.4148238437386789,0.5851761562613211,0-20
IMG_20250120_091234.jpg,1.0,0.561620728172926,0.43837927182707404,0-20
IMG_20250120_091400.jpg,2.0,0.7645042114478927,1.2354957885521074,0-20
IMG_20250120_092052.jpg,11.0,0.438267947711629,10.56173205228837,0-20
IMG_20250120_092217.jpg,1.0,0.2830274121482912,0.7169725878517088,0-20
IMG_20250120_092350.jpg,3.0,0.692803933703659,2.307196066296341,0-20
IMG_20250120_092508.jpg,8.0,0.8827624984905205,7.1172375015094795,0-20
IMG_20250120_092621.jpg,0.25,0.4631743599806787,0.21317435998067868,0-20
IMG_20250120_093121.jpg,1.0,0.5253460481825867,0.4746539518174133,0-20
IMG_20250120_093236.jpg,3.0,0.3626052861973192,2.637394713802681,0-20
IMG_20250120_093338.jpg,0.05,0.4078896721410457,0.3578896721410457,0-20
IMG_20250120_093431.jpg,0.05,0.4560043322062553,0.4060043322062553,0-20
IMG_20250120_093523.jpg,0.25,0.3850116229923922,0.13501162299239222,0-20
IMG_20250120_093608.jpg,1.0,0.3568032242482792,0.6431967757517207,0-20
IMG_20250120_093703.jpg,0.0,0.2783102886124864,0.2783102886124864,0-20
IMG_20250120_093755.jpg,0.0,0.3260004075594735,0.3260004075594735,0-20
IMG_20250120_093839.jpg,1.0,0.3486426005313368,0.6513573994686632,0-20
IMG_20250120_093930.jpg,1.0,0.3609542929597875,0.6390457070402125,0-20
IMG_20250120_094020.jpg,0.5,0.4184560288612486,0.08154397113875139,0-20
IMG_20250120_094623.jpg,0.25,0.258498369762106,0.008498369762105995,0-20
IMG_20250120_094733.jpg,0.0,0.478080470353822,0.478080470353822,0-20
IMG_20250120_094839.jpg,0.0,0.2417525812099988,0.2417525812099988,0-20
IMG_20250120_095017.jpg,1.0,0.4562401883830455,0.5437598116169545,0-20
IMG_20250120_095121.jpg,60.0,5.303509162540756,54.696490837459244,40-60
IMG_20250120_095250.jpg,0.5,0.6504913355874894,0.1504913355874894,0-20
IMG_20250120_095342.jpg,11.0,0.8922439167974883,10.107756083202512,0-20
IMG_20250120_095521.jpg,3.0,0.3067545435333897,2.6932454564666104,0-20
IMG_20250120_123200.jpg,0.5,0.6262924918488105,0.12629249184881053,0-20
IMG_20250120_123240.jpg,45.0,6.247311239584591,38.75268876041541,40-60
IMG_20250120_123347.jpg,0.0,0.2822726723825625,0.2822726723825625,0-20
IMG_20250120_123512.jpg,20.0,4.512919257939863,15.487080742060137,0-20
IMG_20250120_123622.jpg,21.0,2.912021872358411,18.087978127641588,20-40
IMG_20250120_123752.jpg,0.25,1.2313107565511412,0.9813107565511412,0-20
IMG_20250120_123835.jpg,0.0,0.7785612395845912,0.7785612395845912,0-20
IMG_20250120_123941.jpg,3.0,0.4828919363603429,2.517108063639657,0-20
IMG_20250120_124100.jpg,0.0,0.5565262347542568,0.5565262347542568,0-20
IMG_20250120_124338.jpg,1.0,0.4008139868373385,0.5991860131626615,0-20
IMG_20250120_124442.jpg,0.5,0.2219406623596184,0.2780593376403816,0-20
IMG_20250120_124600.jpg,0.0,0.1916095580243932,0.1916095580243932,0-20
IMG_20250120_124648.jpg,0.25,0.2642532604757879,0.014253260475787899,0-20
IMG_20250120_124735.jpg,0.5,0.2936881113392102,0.2063118886607898,0-20
IMG_20250120_124824.jpg,0.0,0.3878890683492332,0.3878890683492332,0-20
IMG_20250120_124933.jpg,2.0,0.6484158012317353,1.3515841987682649,0-20
IMG_20250120_125818.jpg,0.1,0.4432209274242241,0.34322092742422405,0-20
IMG_20250120_130445.jpg,0.0,0.3344912299239222,0.3344912299239222,0-20
IMG_20250120_130549.jpg,0.0,0.5631773789397416,0.5631773789397416,0-20
IMG_20250120_130644.jpg,0.0,0.4786936964134766,0.4786936964134766,0-20
IMG_20250120_130753.jpg,0.5,0.2641589180050718,0.2358410819949282,0-20
IMG_20250120_131044.jpg,65.0,16.451534385943727,48.54846561405627,60-80
IMG_20250120_131143.jpg,22.0,3.291372947107837,18.70862705289216,20-40
IMG_20250120_131339.jpg,7.0,0.2593946232339089,6.740605376766091,0-20
IMG_20250120_131443.jpg,3.0,0.1644389264581572,2.8355610735418426,0-20
IMG_20250120_131557.jpg,1.0,0.5410068983214588,0.45899310167854124,0-20
IMG_20250120_131737.jpg,0.2,0.3611901491365777,0.1611901491365777,0-20
IMG_20250120_132451.jpg,1.0,0.489778936722618,0.510221063277382,0-20
IMG_20250120_132622.jpg,0.1,0.1599576590991426,0.05995765909914261,0-20
IMG_20250120_132716.jpg,30.0,1.9708142132592683,28.029185786740733,20-40
IMG_20250120_132832.jpg,0.0,0.4145408163265306,0.4145408163265306,0-20
IMG_20250120_132950.jpg,100.0,63.64479871090448,36.35520128909552,80-100
IMG_20250120_133232.jpg,0.0,0.4163333232701364,0.4163333232701364,0-20
IMG_20250120_133427.jpg,0.0,0.3381234150464919,0.3381234150464919,0-20
IMG_20250121_093825.jpg,16.0,10.284508588938534,5.715491411061466,0-20
IMG_20250121_095616.jpg,0.0,1.3533427424224127,1.3533427424224127,0-20
IMG_20250121_095717.jpg,0.0,2.659278393309987,2.659278393309987,0-20
IMG_20250121_095828.jpg,0.15,2.634136124864147,2.484136124864147,0-20
IMG_20250121_095926.jpg,0.0,2.996222527472528,2.996222527472528,0-20
IMG_20250121_100008.jpg,0.1,2.458659129332206,2.358659129332206,0-20
IMG_20250121_100051.jpg,3.0,2.457385505977539,0.5426144940224611,0-20
IMG_20250121_100217.jpg,0.0,4.310035774664896,4.310035774664896,0-20
IMG_20250121_100316.jpg,0.0,2.3727603097452,2.3727603097452,0-20
IMG_20250121_100423.jpg,0.0,3.123254664291752,3.123254664291752,0-20
IMG_20250121_100503.jpg,0.0,2.303937477357807,2.303937477357807,0-20
IMG_20250121_100545.jpg,0.0,2.799471304794107,2.799471304794107,0-20
IMG_20250121_100644.jpg,0.0,2.486442986958097,2.486442986958097,0-20
IMG_20250121_100743.jpg,0.1,2.7000815118946986,2.6000815118946985,0-20
IMG_20250121_100841.jpg,14.0,9.343678299722256,4.6563217002777435,0-20
IMG_20250121_100945.jpg,0.0,2.9863637392826954,2.9863637392826954,0-20
IMG_20250121_101022.jpg,0.1,1.63236059956527,1.5323605995652698,0-20
IMG_20250121_101122.jpg,8.0,1.456553405385823,6.543446594614177,0-20
IMG_20250121_101214.jpg,0.0,2.3139849504890715,2.3139849504890715,0-20
IMG_20250121_101251.jpg,0.0,21.918916420118343,21.918916420118343,0-20
IMG_20250121_102135.jpg,0.1,2.431063956647748,2.331063956647748,0-20
IMG_20250121_102243.jpg,10.0,2.4471493479048423,7.552850652095158,0-20
IMG_20250121_102523.jpg,0.0,14.716246150827194,14.716246150827194,0-20
IMG_20250121_102711.jpg,0.0,1.9890223101074749,1.9890223101074749,0-20
IMG_20250121_102817.jpg,0.1,2.0527978203115564,1.9527978203115564,0-20
IMG_20250121_102926.jpg,1.0,2.506302077043835,1.5063020770438351,0-20
IMG_20250121_103554.jpg,1.0,2.385638056997947,1.385638056997947,0-20
IMG_20250121_103637.jpg,0.1,2.665693681318681,2.565693681318681,0-20
IMG_20250121_103725.jpg,0.5,3.2790612546793865,2.7790612546793865,0-20
IMG_20250121_103825.jpg,0.0,2.3759207825141893,2.3759207825141893,0-20
IMG_20250121_103906.jpg,0.0,1.8762830576017389,1.8762830576017389,0-20
IMG_20250121_103945.jpg,0.1,2.224170918367347,2.124170918367347,0-20
IMG_20250121_104035.jpg,0.0,2.8183397989373264,2.8183397989373264,0-20
IMG_20250121_104125.jpg,0.0,2.351155883951213,2.351155883951213,0-20
IMG_20250121_104208.jpg,0.0,2.805320537978505,2.805320537978505,0-20
IMG_20250121_104246.jpg,0.0,2.8746622539548365,2.8746622539548365,0-20
IMG_20250121_104329.jpg,0.0,2.972542567322787,2.972542567322787,0-20
IMG_20250121_104430.jpg,0.1,2.2158687809443305,2.1158687809443304,0-20
IMG_20250121_104511.jpg,0.0,1.6537763404178238,1.6537763404178238,0-20
IMG_20250413_123437.jpg,28.0,1.2598021827074024,26.740197817292596,20-40
IMG_20250413_124134.jpg,2.0,0.5117607323994686,1.4882392676005314,0-20
IMG_20250413_124315.jpg,2.0,0.8994611158072696,1.1005388841927304,0-20
IMG_20250413_124754.jpg,2.0,1.5339614026083803,0.4660385973916197,0-20
IMG_20250413_125015.jpg,18.0,1.9341621633860644,16.065837836613937,0-20
IMG_20250413_131638.jpg,33.0,21.59466134826712,11.40533865173288,20-40
IMG_20250414_141011.jpg,1.0,1.7206179809201787,0.7206179809201787,0-20
IMG_20250414_141414.jpg,70.0,4.857788159642555,65.14221184035745,60-80
IMG_20250414_141546.jpg,30.0,11.477469131143582,18.522530868856418,20-40
IMG_20250415_102336.jpg,1.0,0.1478818228474822,0.8521181771525178,0-20
IMG_20250415_104407.jpg,1.0,0.4094934941432194,0.5905065058567807,0-20
IMG_20250415_104739.jpg,0.5,0.0092455621301775,0.4907544378698225,0-20
IMG_20250415_104920.jpg,8.0,0.5261007879483154,7.473899212051685,0-20
IMG_20250415_105054.jpg,25.0,0.3971818017147687,24.60281819828523,20-40
IMG_20250415_120922.jpg,25.0,0.7612965674435455,24.238703432556456,20-40
IMG_20250415_121720.jpg,5.0,0.6108674978867287,4.389132502113271,0-20
IMG_20250415_121829.jpg,2.0,0.0167457885521072,1.9832542114478928,0-20
IMG_20250415_121926.jpg,4.0,0.5159118011109769,3.4840881988890233,0-20
IMG_20250415_122038.jpg,20.0,0.8221946322907862,19.177805367709215,0-20
IMG_20250415_122127.jpg,4.0,0.93667922050477,3.06332077949523,0-20
IMG_20250415_122305.jpg,0.8,0.5954425039246468,0.20455749607535323,0-20
IMG_20250415_122344.jpg,20.0,2.434271600652095,17.565728399347904,0-20
IMG_20250415_123322.jpg,20.0,1.411740731795677,18.58825926820432,0-20
IMG_20250415_123620.jpg,3.0,0.0692945447409733,2.9307054552590266,0-20
IMG_20250415_123824.jpg,2.0,0.7068609618403574,1.2931390381596426,0-20
IMG_20250415_123954.jpg,3.0,0.1560896177997826,2.8439103822002174,0-20
IMG_20250415_124721.jpg,25.0,4.451926850621906,20.548073149378094,20-40
IMG_20250415_124902.jpg,1.0,0.6118109225938896,0.3881890774061104,0-20
IMG_20250415_125957.jpg,1.0,0.8728565390653302,0.12714346093466977,0-20
IMG_20250416_100206.jpg,0.2,0.317792612607173,0.117792612607173,0-20
IMG_20250416_100520.jpg,60.0,0.3189247222557662,59.681075277744235,40-60
IMG_20250416_100642.jpg,60.0,2.7191858622147085,57.28081413778529,40-60
IMG_20250416_105547.jpg,70.0,2.4354037103006885,67.56459628969931,60-80
IMG_20250416_105741.jpg,2.0,0.5702530642434489,1.429746935756551,0-20
IMG_20250416_111757.jpg,25.0,0.2999618856418307,24.70003811435817,20-40
IMG_20250416_112457.jpg,75.0,1.689862335466731,73.31013766453327,60-80
IMG_20250416_113209.jpg,15.0,0.322651249849052,14.677348750150948,0-20
IMG_20250416_113424.jpg,40.0,0.403266891075957,39.59673310892404,20-40
IMG_20250416_113814.jpg,10.0,0.2304314847240671,9.769568515275934,0-20
IMG_20250416_113916.jpg,20.0,0.535487863784567,19.464512136215433,0-20
IMG_20250416_114005.jpg,15.0,0.3513313609467455,14.648668639053254,0-20
IMG_20250416_125613.jpg,20.0,0.1321266302378939,19.867873369762105,0-20
IMG_20250416_131321.jpg,80.0,5.651727221953871,74.34827277804612,60-80
IMG_20250416_131749.jpg,2.0,0.068068092621664,1.931931907378336,0-20
IMG_20250416_132137.jpg,1.0,0.2222708610071247,0.7777291389928753,0-20
IMG_20250416_132315.jpg,15.0,0.1245320613452481,14.875467938654753,0-20
IMG_20250416_132508.jpg,95.0,3.2564190617075237,91.74358093829248,80-100
IMG_20250417_102118.jpg,0.0,0.1029276355512619,0.1029276355512619,0-20
IMG_20250417_102200.jpg,5.0,0.210902593285835,4.789097406714165,0-20
IMG_20250417_102408.jpg,0.25,0.2411393551503441,0.008860644849655902,0-20
IMG_20250417_102620.jpg,0.1,0.4896845942519019,0.38968459425190194,0-20
IMG_20250417_102653.jpg,0.0,0.4677027985750513,0.4677027985750513,0-20
IMG_20250417_102725.jpg,0.2,0.2020815722738799,0.0020815722738798947,0-20
IMG_20250417_102910.jpg,70.0,21.845329292959786,48.15467070704021,60-80
IMG_20250417_102959.jpg,25.0,3.5061907529283904,21.49380924707161,20-40
IMG_20250417_103047.jpg,0.0,0.0072171990097814,0.0072171990097814,0-20
IMG_20250417_103122.jpg,0.0,0.0099059594251901,0.0099059594251901,0-20
IMG_20250417_121239.jpg,0.2,0.0193873777321579,0.1806126222678421,0-20
IMG_20250417_121324.jpg,0.0,0.348878456708127,0.348878456708127,0-20
IMG_20250417_121612.jpg,80.0,0.8178548786378457,79.18214512136215,60-80
IMG_20250417_121753.jpg,0.0,0.0149532816085013,0.0149532816085013,0-20
IMG_20250417_121840.jpg,70.0,1.2352259690858591,68.76477403091414,60-80
IMG_20250417_121928.jpg,1.0,0.0205194873807511,0.979480512619249,0-20
IMG_20250417_122038.jpg,10.0,0.0921254226542688,9.907874577345732,0-20
IMG_20250417_122128.jpg,25.0,0.1243433764038159,24.875656623596186,20-40
IMG_20250417_122307.jpg,12.0,0.6165752173650525,11.383424782634947,0-20
IMG_20250417_122621.jpg,0.0,0.0258026657408525,0.0258026657408525,0-20
IMG_20250417_122735.jpg,25.0,0.1483535352010626,24.851646464798936,20-40
IMG_20250418_095956.jpg,0.5,5.782863256249246,5.282863256249246,0-20
IMG_20250418_100123.jpg,0.5,4.949253185001812,4.449253185001812,0-20
IMG_20250418_100311.jpg,20.0,5.013972119913054,14.986027880086947,0-20
IMG_20250418_100350.jpg,0.0,4.250835874290544,4.250835874290544,0-20
IMG_20250418_100454.jpg,8.0,5.464504588817776,2.5354954111822243,0-20
IMG_20250418_102149.jpg,0.8,2.5073870154570703,1.7073870154570703,0-20
IMG_20250418_102252.jpg,50.0,10.313754754860524,39.686245245139474,40-60
IMG_20250418_121531.jpg,0.2,2.6055503562371696,2.4055503562371694,0-20
IMG_20250418_122001.jpg,30.0,21.49654517872237,8.503454821277629,20-40
IMG_20250418_122207.jpg,15.0,8.21109693877551,6.78890306122449,0-20
IMG_20250418_122630.jpg,80.0,39.2286842621664,40.7713157378336,60-80
IMG_20250418_122726.jpg,1.0,1.6623143340176307,0.6623143340176307,0-20
IMG_20250418_123547.jpg,25.0,6.908510445598358,18.09148955440164,20-40
IMG_20250418_123717.jpg,3.0,1.5658491577104214,1.4341508422895786,0-20
IMG_20250418_124409.jpg,2.0,2.0585998822605966,0.05859988226059665,0-20
IMG_20250418_124510.jpg,3.0,1.606463591353701,1.393536408646299,0-20
IMG_20250418_124615.jpg,35.0,14.301186450911723,20.69881354908828,20-40
IMG_20250419_100936.jpg,0.2,0.0024057330032604,0.1975942669967396,0-20
IMG_20250419_101428.jpg,4.0,0.6965776325323029,3.303422367467697,0-20
IMG_20250419_101523.jpg,0.0,0.5858195719116048,0.5858195719116048,0-20
IMG_20250419_101619.jpg,0.2,0.5667623928269533,0.3667623928269533,0-20
IMG_20250419_101703.jpg,0.3,0.5760079549571308,0.27600795495713076,0-20
IMG_20250419_101902.jpg,1.0,0.3583127037797367,0.6416872962202633,0-20
IMG_20250419_101939.jpg,0.2,0.3986912812462263,0.19869128124622631,0-20
IMG_20250419_103518.jpg,2.0,0.6797375015094795,1.3202624984905205,0-20
IMG_20250419_103605.jpg,60.0,0.7999769804371453,59.200023019562856,40-60
IMG_20250419_103702.jpg,0.2,1.157346259509721,0.9573462595097211,0-20
IMG_20250419_133036.jpg,25.0,0.2875558507426639,24.712444149257337,20-40
IMG_20250419_133133.jpg,15.0,0.635443711508272,14.364556288491729,0-20
IMG_20250419_133228.jpg,10.0,0.6824734331602463,9.317526566839753,0-20
IMG_20250419_133317.jpg,12.0,0.1977889898562975,11.802211010143703,0-20
IMG_20250419_133357.jpg,25.0,0.2610927877067987,24.738907212293203,20-40
IMG_20250419_133444.jpg,0.0,0.0113210964859316,0.0113210964859316,0-20
IMG_20250419_133906.jpg,0.1,0.0658510445598357,0.0341489554401643,0-20
IMG_20250419_134355.jpg,0.0,0.6023766755222799,0.6023766755222799,0-20
IMG_20250419_134537.jpg,0.0,0.4038329459002536,0.4038329459002536,0-20
IMG_20250419_135358.jpg,0.1,0.1528819737954353,0.0528819737954353,0-20
IMG_20250419_135728.jpg,0.0,0.3382649287525661,0.3382649287525661,0-20
IMG_20250419_135823.jpg,0.0,0.1692032212293201,0.1692032212293201,0-20
IMG_20250419_135905.jpg,2.0,0.3166133317232218,1.6833866682767782,0-20
IMG_20250419_135951.jpg,0.0,0.3272740309141408,0.3272740309141408,0-20
IMG_20250419_140200.jpg,60.0,0.9935205591112184,59.00647944088878,40-60
IMG_20250419_140731.jpg,30.0,0.5029868826228716,29.49701311737713,20-40
IMG_20250420_094255.jpg,0.0,0.4272298786378457,0.4272298786378457,0-20
IMG_20250420_095330.jpg,0.0,0.3872286710542205,0.3872286710542205,0-20
IMG_20250420_095417.jpg,0.0,0.1961851678541239,0.1961851678541239,0-20
IMG_20250420_095824.jpg,3.0,0.3537842651853641,2.646215734814636,0-20
IMG_20250420_100401.jpg,0.0,0.074860750513223,0.074860750513223,0-20
IMG_20250420_100442.jpg,0.1,0.0907574568288854,0.0092425431711146,0-20
IMG_20250420_100711.jpg,97.0,7.439045329670329,89.56095467032966,80-100
IMG_20250420_100807.jpg,0.0,0.1496271585557299,0.1496271585557299,0-20
IMG_20250420_100848.jpg,0.0,0.0472184065934065,0.0472184065934065,0-20
IMG_20250420_101008.jpg,0.0,0.0032548152397053,0.0032548152397053,0-20
IMG_20250420_115920.jpg,0.0,0.0969840598961478,0.0969840598961478,0-20
IMG_20250420_120009.jpg,0.0,0.6388400404540514,0.6388400404540514,0-20
IMG_20250420_120141.jpg,0.0,0.0124532061345248,0.0124532061345248,0-20
IMG_20250420_120327.jpg,50.0,2.921691975606811,47.07830802439319,40-60
IMG_20250420_120835.jpg,20.0,0.2657627400072455,19.734237259992753,0-20
IMG_20250420_121218.jpg,0.0,0.0207081723221833,0.0207081723221833,0-20
IMG_20250420_121446.jpg,0.0,0.1216074447530491,0.1216074447530491,0-20
IMG_20250420_121607.jpg,4.0,0.2027419695688926,3.797258030431107,0-20
IMG_20250420_121651.jpg,0.0,0.0582093044318319,0.0582093044318319,0-20
IMG_20250421_095842.jpg,3.0,0.0086795073058809,2.9913204926941193,0-20
IMG_20250421_100656.jpg,20.0,0.322604078613694,19.677395921386307,0-20
IMG_20250421_102719.jpg,5.0,0.0109908978384253,4.989009102161575,0-20
IMG_20250421_103929.jpg,2.0,0.236186375437749,1.763813624562251,0-20
IMG_20250421_105450.jpg,3.0,0.2743950760777683,2.7256049239222317,0-20
IMG_20250421_105557.jpg,1.0,0.1375041510687115,0.8624958489312885,0-20
IMG_20250421_110107.jpg,3.0,0.3739263826832508,2.626073617316749,0-20
IMG_20250421_112753.jpg,95.0,14.328828794831542,80.67117120516846,80-100
IMG_20250421_124401.jpg,0.7,0.039906865112909,0.660093134887091,0-20
IMG_20250421_124741.jpg,0.1,0.5168080545827799,0.4168080545827799,0-20
IMG_20250421_125129.jpg,20.0,0.1083994988527955,19.891600501147206,0-20
IMG_20250421_125212.jpg,1.0,0.0607565511411665,0.9392434488588335,0-20
IMG_20250421_125402.jpg,0.1,0.001981191885038,0.09801880811496201,0-20
IMG_20250421_130213.jpg,90.0,4.377820839874412,85.62217916012558,80-100
IMG_20250421_130401.jpg,50.0,2.2287465281970777,47.77125347180292,40-60
IMG_20250421_132736.jpg,0.0,0.240101587972467,0.240101587972467,0-20
IMG_20250421_132819.jpg,99.0,59.46792733365535,39.53207266634465,80-100
IMG_20250422_095258.jpg,3.0,1.8356214527231007,1.1643785472768993,0-20
IMG_20250422_095448.jpg,0.05,1.2166876735901462,1.1666876735901461,0-20
IMG_20250422_095952.jpg,0.0,2.8999932073421086,2.8999932073421086,0-20
IMG_20250422_100110.jpg,0.0,2.3578541993720563,2.3578541993720563,0-20
IMG_20250422_101218.jpg,0.05,2.252473659582176,2.2024736595821763,0-20
IMG_20250422_102425.jpg,0.0,2.487480754135974,2.487480754135974,0-20
IMG_20250422_102456.jpg,0.0,1.629577496679145,1.629577496679145,0-20
